project_id,target_locale
1,fr-FR
2,fr-FR
2,nl-NL
3,ja-JP
3,es-ES
3,fr-FR
3,de-DE
4,zh-CN
4,ja-JP
5,nl-NL
6,fr-FR
6,de-DE
6,zh-CN
7,it-IT
7,es-ES
7,nl-NL
7,pl-PL
7,de-DE
7,fr-FR
8,ko-KR
8,es-ES
8,de-DE
9,de-DE
9,fr-FR
9,ja-JP
9,es-ES
10,de-DE
10,es-ES
10,pl-PL
10,it-IT
10,nl-NL
10,fr-FR
11,de-DE
11,es-ES
11,ja-JP
11,fr-FR
12,de-DE
13,de-DE
13,zh-CN
13,fr-FR
14,de-DE
14,es-ES
14,fr-FR
15,de-DE
15,fr-FR
16,de-DE
17,de-DE
17,pl-PL
18,es-ES
18,de-DE
19,ja-JP
19,fr-FR
19,ko-KR
19,de-DE
19,es-ES
20,fr-FR
20,zh-CN
20,de-DE
21,es-ES
21,de-DE
21,fr-FR
21,ja-JP
22,fr-FR
22,pl-PL
22,it-IT
22,nl-NL
23,de-DE
24,zh-CN
24,de-DE
24,fr-FR
25,es-ES
26,zh-CN
27,nl-NL
27,it-IT
27,es-ES
28,zh-CN
29,fr-FR
29,de-DE
29,es-ES
29,ja-JP
30,fr-FR
30,ko-KR
30,de-DE
31,es-ES
32,de-DE
32,fr-FR
33,de-DE
33,zh-CN
33,fr-FR
34,fr-FR
34,de-DE
34,ja-JP
35,de-DE
35,fr-FR
35,zh-CN
36,es-ES
36,de-DE
36,fr-FR
36,zh-CN
36,ja-JP
37,de-DE
37,it-IT
38,ja-JP
38,fr-FR
38,zh-CN
38,de-DE
38,es-ES
39,ja-JP
39,de-DE
39,es-ES
39,fr-FR
39,ko-KR
40,it-IT
40,de-DE
40,nl-NL
41,de-DE
41,ja-JP
41,es-ES
41,fr-FR
42,ko-KR
42,fr-FR
42,de-DE
43,de-DE
44,it-IT
44,es-ES
44,nl-NL
45,de-DE
45,ja-JP
46,de-DE
46,ja-JP
46,fr-FR
47,de-DE
47,es-ES
48,nl-NL
48,fr-FR
48,pl-PL
48,de-DE
48,it-IT
48,es-ES
49,fr-FR
49,de-DE
49,es-ES
49,ja-JP
50,fr-FR
51,es-ES
52,ja-JP
52,fr-FR
52,zh-CN
52,de-DE
52,es-ES
53,de-DE
53,ja-JP
53,fr-FR
53,es-ES
54,de-DE
55,de-DE
55,zh-CN
56,pl-PL
56,fr-FR
57,de-DE
57,fr-FR
58,fr-FR
58,ja-JP
58,es-ES
59,de-DE
60,it-IT
60,fr-FR
60,es-ES
60,pl-PL
60,nl-NL
60,de-DE
61,zh-CN
61,fr-FR
61,de-DE
62,fr-FR
62,de-DE
62,ja-JP
62,es-ES
63,de-DE
63,fr-FR
64,es-ES
64,fr-FR
65,ja-JP
65,es-ES
65,ko-KR
65,de-DE
66,de-DE
66,fr-FR
66,zh-CN
67,de-DE
67,es-ES
67,pl-PL
68,de-DE
68,ja-JP
68,es-ES
69,de-DE
69,es-ES
69,fr-FR
69,ja-JP
70,fr-FR
70,es-ES
70,ja-JP
70,zh-CN
70,de-DE
71,zh-CN
71,de-DE
71,fr-FR
72,fr-FR
72,de-DE
72,ja-JP
73,de-DE
73,ja-JP
73,es-ES
73,fr-FR
74,ja-JP
75,fr-FR
75,zh-CN
75,de-DE
76,fr-FR
76,ja-JP
76,de-DE
76,ko-KR
76,es-ES
77,ja-JP
77,es-ES
77,fr-FR
77,de-DE
78,es-ES
78,fr-FR
78,ja-JP
79,de-DE
79,fr-FR
80,de-DE
80,ja-JP
80,fr-FR
81,zh-CN
81,de-DE
82,zh-CN
82,es-ES
82,de-DE
82,ja-JP
82,fr-FR
83,ja-JP
83,fr-FR
83,es-ES
83,de-DE
84,fr-FR
84,de-DE
84,es-ES
84,ko-KR
84,ja-JP
85,fr-FR
86,ja-JP
86,fr-FR
87,ja-JP
87,de-DE
87,es-ES
87,fr-FR
88,ja-JP
88,fr-FR
88,de-DE
88,es-ES
89,pl-PL
89,it-IT
89,es-ES
89,nl-NL
89,fr-FR
89,de-DE
90,es-ES
90,de-DE
90,fr-FR
91,ko-KR
91,de-DE
92,fr-FR
92,zh-CN
93,zh-CN
93,de-DE
94,es-ES
94,fr-FR
95,fr-FR
95,nl-NL
95,de-DE
95,it-IT
95,es-ES
95,pl-PL
96,es-ES
96,de-DE
97,ja-JP
97,zh-CN
97,es-ES
97,de-DE
97,fr-FR
98,fr-FR
98,es-ES
98,ja-JP
99,fr-FR
99,es-ES
99,zh-CN
99,ja-JP
100,de-DE
100,zh-CN
101,fr-FR
101,de-DE
102,de-DE
102,fr-FR
103,es-ES
103,ja-JP
103,zh-CN
103,fr-FR
103,de-DE
104,de-DE
104,zh-CN
104,fr-FR
105,fr-FR
105,ja-JP
105,es-ES
105,zh-CN
105,de-DE
106,ko-KR
106,ja-JP
106,fr-FR
106,de-DE
106,es-ES
107,de-DE
107,nl-NL
107,es-ES
107,fr-FR
107,pl-PL
107,it-IT
108,de-DE
108,ja-JP
108,es-ES
108,ko-KR
108,fr-FR
109,ko-KR
109,es-ES
110,ko-KR
110,fr-FR
111,fr-FR
112,de-DE
112,ja-JP
113,pl-PL
113,nl-NL
113,es-ES
113,it-IT
113,fr-FR
113,de-DE
114,it-IT
115,ja-JP
115,fr-FR
116,fr-FR
116,ja-JP
116,es-ES
116,ko-KR
117,pl-PL
117,es-ES
117,it-IT
118,nl-NL
119,zh-CN
119,ja-JP
120,fr-FR
120,it-IT
121,de-DE
121,es-ES
122,fr-FR
122,es-ES
122,ja-JP
123,fr-FR
123,zh-CN
123,de-DE
123,es-ES
123,ja-JP
124,es-ES
124,de-DE
124,ja-JP
124,fr-FR
125,ko-KR
125,fr-FR
125,ja-JP
126,es-ES
126,ja-JP
126,de-DE
126,fr-FR
126,zh-CN
127,de-DE
127,fr-FR
128,de-DE
128,fr-FR
128,zh-CN
129,de-DE
129,es-ES
130,ja-JP
130,ko-KR
130,de-DE
131,fr-FR
131,ja-JP
131,ko-KR
131,de-DE
131,es-ES
132,de-DE
132,ja-JP
132,fr-FR
132,zh-CN
132,es-ES
133,es-ES
133,de-DE
133,fr-FR
133,ja-JP
134,fr-FR
135,de-DE
135,ko-KR
135,ja-JP
136,de-DE
136,fr-FR
136,ja-JP
136,es-ES
137,zh-CN
137,de-DE
137,fr-FR
138,de-DE
138,ja-JP
139,zh-CN
139,es-ES
139,ja-JP
139,de-DE
139,fr-FR
140,de-DE
140,es-ES
140,fr-FR
140,ja-JP
141,de-DE
141,zh-CN
141,fr-FR
142,de-DE
142,es-ES
143,es-ES
143,ja-JP
143,de-DE
143,fr-FR
144,de-DE
144,ja-JP
144,es-ES
144,fr-FR
145,ja-JP
145,fr-FR
146,es-ES
146,de-DE
146,fr-FR
146,ko-KR
146,ja-JP
147,fr-FR
147,zh-CN
147,de-DE
148,fr-FR
148,de-DE
148,nl-NL
149,fr-FR
149,de-DE
149,zh-CN
149,es-ES
149,ja-JP
150,de-DE
150,ja-JP
150,ko-KR
150,fr-FR
151,ja-JP
151,es-ES
151,de-DE
151,fr-FR
151,ko-KR
152,fr-FR
153,nl-NL
153,es-ES
153,fr-FR
153,pl-PL
153,it-IT
153,de-DE
154,de-DE
155,fr-FR
155,nl-NL
156,de-DE
156,ja-JP
156,es-ES
157,zh-CN
157,fr-FR
158,ja-JP
158,de-DE
158,es-ES
158,fr-FR
159,de-DE
160,de-DE
160,es-ES
160,fr-FR
160,ja-JP
161,de-DE
162,de-DE
163,de-DE
163,ja-JP
163,es-ES
163,fr-FR
164,de-DE
164,ja-JP
165,es-ES
165,de-DE
165,fr-FR
165,ja-JP
166,fr-FR
166,zh-CN
167,de-DE
167,fr-FR
168,zh-CN
168,de-DE
168,fr-FR
169,es-ES
170,es-ES
171,fr-FR
171,ja-JP
171,es-ES
171,zh-CN
171,de-DE
172,ja-JP
173,fr-FR
174,es-ES
175,de-DE
175,fr-FR
175,zh-CN
176,de-DE
176,fr-FR
176,zh-CN
177,es-ES
177,zh-CN
177,ja-JP
177,de-DE
177,fr-FR
178,es-ES
179,ko-KR
180,fr-FR
180,ko-KR
180,es-ES
180,ja-JP
180,de-DE
181,es-ES
181,ja-JP
181,fr-FR
181,de-DE
182,fr-FR
182,es-ES
183,es-ES
183,de-DE
183,fr-FR
184,ja-JP
184,fr-FR
184,es-ES
185,nl-NL
185,it-IT
185,de-DE
185,es-ES
185,pl-PL
185,fr-FR
186,fr-FR
186,es-ES
186,ko-KR
186,ja-JP
187,nl-NL
187,de-DE
188,es-ES
188,ja-JP
188,de-DE
188,zh-CN
189,ja-JP
189,zh-CN
189,es-ES
189,fr-FR
189,de-DE
190,ja-JP
190,es-ES
190,fr-FR
190,de-DE
190,zh-CN
191,ja-JP
191,fr-FR
191,de-DE
192,pl-PL
192,es-ES
192,de-DE
193,pl-PL
193,nl-NL
193,it-IT
193,fr-FR
193,es-ES
194,de-DE
194,ja-JP
194,fr-FR
194,zh-CN
194,es-ES
195,fr-FR
195,de-DE
195,zh-CN
196,es-ES
196,fr-FR
196,ko-KR
196,de-DE
196,ja-JP
197,nl-NL
197,pl-PL
197,es-ES
197,de-DE
197,fr-FR
197,it-IT
198,es-ES
198,ja-JP
198,zh-CN
199,de-DE
199,fr-FR
199,es-ES
199,ja-JP
199,ko-KR
200,it-IT
201,fr-FR
201,ko-KR
201,ja-JP
201,es-ES
201,de-DE
202,de-DE
202,ja-JP
202,zh-CN
202,es-ES
202,fr-FR
203,fr-FR
203,de-DE
203,zh-CN
204,es-ES
205,fr-FR
205,zh-CN
205,de-DE
206,fr-FR
207,nl-NL
207,it-IT
207,es-ES
208,es-ES
209,ja-JP
210,de-DE
210,fr-FR
211,fr-FR
212,pl-PL
212,it-IT
212,es-ES
212,fr-FR
213,es-ES
213,de-DE
214,fr-FR
214,zh-CN
214,es-ES
214,ja-JP
214,de-DE
215,fr-FR
215,de-DE
215,es-ES
215,zh-CN
216,de-DE
216,fr-FR
216,es-ES
216,ja-JP
217,es-ES
217,fr-FR
217,ja-JP
217,de-DE
218,de-DE
219,ja-JP
219,es-ES
219,de-DE
219,fr-FR
220,fr-FR
221,ja-JP
221,es-ES
221,zh-CN
221,fr-FR
222,zh-CN
222,de-DE
222,fr-FR
223,ja-JP
223,es-ES
223,ko-KR
223,de-DE
224,ja-JP
224,de-DE
224,fr-FR
224,ko-KR
224,es-ES
225,zh-CN
225,fr-FR
225,de-DE
226,fr-FR
226,ja-JP
226,de-DE
227,ko-KR
227,es-ES
227,ja-JP
227,de-DE
227,fr-FR
228,ja-JP
228,ko-KR
229,ja-JP
229,fr-FR
230,zh-CN
230,ja-JP
230,de-DE
230,es-ES
230,fr-FR
231,zh-CN
231,de-DE
232,pl-PL
232,de-DE
232,nl-NL
232,es-ES
232,it-IT
232,fr-FR
233,de-DE
233,fr-FR
233,ko-KR
234,ko-KR
234,de-DE
235,fr-FR
235,es-ES
236,fr-FR
237,ja-JP
237,fr-FR
237,es-ES
238,fr-FR
238,ko-KR
238,de-DE
238,ja-JP
238,es-ES
239,de-DE
239,es-ES
240,ja-JP
240,fr-FR
240,de-DE
240,es-ES
241,de-DE
241,ja-JP
241,es-ES
241,fr-FR
242,de-DE
242,es-ES
242,ja-JP
242,fr-FR
243,ja-JP
243,de-DE
244,ja-JP
244,ko-KR
244,es-ES
244,de-DE
244,fr-FR
245,ko-KR
245,es-ES
245,fr-FR
245,de-DE
246,es-ES
247,nl-NL
247,de-DE
248,ja-JP
249,es-ES
250,pl-PL
250,es-ES
250,de-DE
250,nl-NL
250,fr-FR
250,it-IT
251,it-IT
251,es-ES
251,de-DE
251,nl-NL
251,fr-FR
251,pl-PL
252,de-DE
252,fr-FR
253,ja-JP
253,zh-CN
253,es-ES
253,de-DE
253,fr-FR
254,de-DE
254,zh-CN
254,fr-FR
255,fr-FR
255,ja-JP
255,de-DE
256,es-ES
257,fr-FR
257,zh-CN
257,de-DE
258,pl-PL
258,it-IT
259,es-ES
259,de-DE
260,de-DE
260,zh-CN
260,fr-FR
261,de-DE
261,fr-FR
262,ja-JP
262,fr-FR
262,zh-CN
263,de-DE
263,fr-FR
263,ja-JP
263,es-ES
264,pl-PL
264,nl-NL
264,fr-FR
264,de-DE
265,de-DE
265,zh-CN
265,fr-FR
266,es-ES
266,fr-FR
266,nl-NL
267,ja-JP
267,es-ES
267,ko-KR
267,fr-FR
267,de-DE
268,ko-KR
268,fr-FR
269,ja-JP
269,de-DE
269,fr-FR
270,ja-JP
270,fr-FR
270,es-ES
270,de-DE
271,nl-NL
272,ja-JP
272,de-DE
272,fr-FR
272,es-ES
273,fr-FR
273,zh-CN
274,zh-CN
274,fr-FR
274,de-DE
275,zh-CN
275,fr-FR
275,es-ES
275,ja-JP
275,de-DE
276,pl-PL
276,nl-NL
277,nl-NL
277,pl-PL
277,it-IT
277,fr-FR
277,de-DE
277,es-ES
278,de-DE
278,es-ES
278,ja-JP
278,fr-FR
279,de-DE
279,fr-FR
279,ja-JP
279,es-ES
280,it-IT
280,nl-NL
280,de-DE
280,fr-FR
280,es-ES
280,pl-PL
281,de-DE
281,es-ES
281,ko-KR
281,ja-JP
281,fr-FR
282,it-IT
282,nl-NL
282,es-ES
282,de-DE
282,pl-PL
282,fr-FR
283,ja-JP
283,fr-FR
283,ko-KR
283,es-ES
283,de-DE
284,zh-CN
285,de-DE
285,ja-JP
286,pl-PL
286,de-DE
286,it-IT
287,es-ES
288,ja-JP
288,es-ES
288,fr-FR
289,de-DE
289,es-ES
289,zh-CN
290,de-DE
290,ja-JP
290,fr-FR
291,ja-JP
291,de-DE
291,fr-FR
292,de-DE
292,fr-FR
292,ko-KR
292,ja-JP
293,nl-NL
294,de-DE
294,ja-JP
294,zh-CN
294,es-ES
294,fr-FR
295,fr-FR
295,de-DE
295,zh-CN
295,es-ES
295,ja-JP
296,zh-CN
296,de-DE
296,fr-FR
297,es-ES
297,ja-JP
298,fr-FR
299,ja-JP
299,de-DE
299,fr-FR
299,zh-CN
299,es-ES
300,de-DE
300,es-ES
300,ja-JP
301,zh-CN
301,de-DE
301,fr-FR
302,fr-FR
302,zh-CN
302,de-DE
303,nl-NL
303,de-DE
303,it-IT
303,fr-FR
304,fr-FR
304,zh-CN
304,de-DE
305,es-ES
305,zh-CN
305,de-DE
305,ja-JP
305,fr-FR
306,zh-CN
306,ja-JP
306,de-DE
306,es-ES
306,fr-FR
307,fr-FR
307,ja-JP
308,ko-KR
309,ko-KR
309,es-ES
309,fr-FR
310,zh-CN
310,es-ES
310,ja-JP
310,fr-FR
311,es-ES
312,ja-JP
312,es-ES
312,fr-FR
312,de-DE
313,fr-FR
313,de-DE
313,zh-CN
313,ja-JP
313,es-ES
314,zh-CN
314,de-DE
314,fr-FR
315,de-DE
315,zh-CN
316,es-ES
316,ja-JP
316,fr-FR
316,de-DE
317,ko-KR
317,de-DE
317,ja-JP
317,es-ES
318,zh-CN
318,fr-FR
318,de-DE
319,nl-NL
319,fr-FR
320,pl-PL
320,es-ES
320,it-IT
320,nl-NL
320,fr-FR
320,de-DE
321,zh-CN
322,de-DE
322,ja-JP
322,fr-FR
323,it-IT
323,es-ES
324,fr-FR
324,ja-JP
325,es-ES
325,fr-FR
326,ja-JP
327,de-DE
327,ja-JP
327,fr-FR
327,es-ES
327,zh-CN
328,es-ES
328,ja-JP
329,nl-NL
329,it-IT
329,es-ES
329,pl-PL
329,de-DE
330,de-DE
330,ja-JP
330,fr-FR
330,es-ES
330,ko-KR
331,zh-CN
332,de-DE
332,ja-JP
332,fr-FR
333,de-DE
333,es-ES
333,ja-JP
333,fr-FR
333,zh-CN
334,fr-FR
334,de-DE
334,es-ES
334,ja-JP
335,de-DE
336,de-DE
336,it-IT
337,ja-JP
337,fr-FR
337,es-ES
337,de-DE
338,es-ES
338,fr-FR
338,de-DE
338,zh-CN
338,ja-JP
339,ko-KR
339,de-DE
339,ja-JP
339,es-ES
339,fr-FR
340,ja-JP
340,fr-FR
340,es-ES
341,es-ES
341,de-DE
342,zh-CN
342,de-DE
342,fr-FR
343,fr-FR
343,zh-CN
343,de-DE
344,nl-NL
344,fr-FR
345,fr-FR
345,de-DE
345,zh-CN
346,zh-CN
346,es-ES
346,ja-JP
346,fr-FR
347,es-ES
347,fr-FR
347,nl-NL
348,fr-FR
348,ja-JP
348,es-ES
349,ja-JP
349,de-DE
349,es-ES
349,fr-FR
350,es-ES
350,ko-KR
350,de-DE
351,fr-FR
351,zh-CN
352,de-DE
353,es-ES
353,de-DE
354,es-ES
354,de-DE
354,fr-FR
354,ja-JP
355,de-DE
355,ja-JP
355,es-ES
355,fr-FR
356,ko-KR
356,fr-FR
356,de-DE
356,ja-JP
356,es-ES
357,ja-JP
357,es-ES
357,de-DE
357,fr-FR
358,fr-FR
358,de-DE
358,zh-CN
359,ko-KR
359,ja-JP
359,de-DE
359,es-ES
359,fr-FR
360,zh-CN
360,ja-JP
360,es-ES
360,fr-FR
360,de-DE
361,nl-NL
361,pl-PL
361,es-ES
361,it-IT
362,es-ES
363,de-DE
364,de-DE
364,ja-JP
364,zh-CN
364,es-ES
365,ja-JP
365,de-DE
365,es-ES
366,ja-JP
366,es-ES
366,fr-FR
366,de-DE
366,zh-CN
367,de-DE
367,ja-JP
367,es-ES
367,fr-FR
368,ja-JP
368,ko-KR
368,de-DE
368,fr-FR
368,es-ES
369,pl-PL
369,es-ES
369,de-DE
369,fr-FR
370,de-DE
371,es-ES
371,fr-FR
371,ja-JP
372,es-ES
372,de-DE
372,ja-JP
372,fr-FR
373,es-ES
373,ja-JP
374,es-ES
374,de-DE
374,fr-FR
374,ja-JP
375,es-ES
376,fr-FR
377,zh-CN
377,fr-FR
377,de-DE
378,de-DE
378,fr-FR
378,zh-CN
379,ja-JP
379,es-ES
379,fr-FR
379,de-DE
380,nl-NL
380,fr-FR
380,it-IT
381,ja-JP
381,fr-FR
381,es-ES
381,de-DE
382,de-DE
382,ko-KR
382,es-ES
382,ja-JP
383,zh-CN
383,es-ES
383,de-DE
383,ja-JP
383,fr-FR
384,zh-CN
384,fr-FR
384,de-DE
385,de-DE
385,ja-JP
385,es-ES
385,ko-KR
385,fr-FR
386,fr-FR
386,es-ES
386,de-DE
386,ja-JP
387,ja-JP
387,fr-FR
387,es-ES
388,fr-FR
388,es-ES
388,ja-JP
389,fr-FR
390,ja-JP
390,de-DE
390,fr-FR
390,es-ES
391,de-DE
391,fr-FR
391,zh-CN
392,fr-FR
392,ko-KR
392,de-DE
392,ja-JP
392,es-ES
393,fr-FR
393,es-ES
393,ja-JP
393,de-DE
394,fr-FR
394,es-ES
394,ja-JP
395,ja-JP
395,fr-FR
396,fr-FR
396,de-DE
396,zh-CN
397,ja-JP
397,fr-FR
398,ko-KR
398,es-ES
398,ja-JP
398,de-DE
398,fr-FR
399,ja-JP
399,es-ES
399,de-DE
400,de-DE
400,ko-KR
401,ja-JP
401,fr-FR
401,de-DE
401,es-ES
402,de-DE
402,es-ES
402,fr-FR
402,ja-JP
403,fr-FR
403,zh-CN
403,de-DE
404,es-ES
404,fr-FR
404,pl-PL
404,it-IT
405,de-DE
405,es-ES
405,fr-FR
406,fr-FR
407,fr-FR
408,es-ES
409,fr-FR
409,ja-JP
409,ko-KR
409,de-DE
409,es-ES
410,zh-CN
410,es-ES
411,fr-FR
411,es-ES
411,ja-JP
412,de-DE
413,zh-CN
413,de-DE
413,ja-JP
414,de-DE
415,ko-KR
415,de-DE
415,ja-JP
415,es-ES
416,fr-FR
416,nl-NL
416,de-DE
416,es-ES
416,pl-PL
416,it-IT
417,es-ES
417,ko-KR
418,fr-FR
419,es-ES
419,de-DE
419,fr-FR
420,ko-KR
420,ja-JP
421,fr-FR
422,ja-JP
422,es-ES
422,fr-FR
422,zh-CN
422,de-DE
423,ja-JP
423,es-ES
424,fr-FR
424,zh-CN
424,de-DE
425,ko-KR
425,es-ES
425,ja-JP
426,ja-JP
426,es-ES
427,nl-NL
427,de-DE
428,it-IT
428,nl-NL
428,es-ES
428,de-DE
429,fr-FR
430,fr-FR
430,de-DE
430,zh-CN
430,es-ES
430,ja-JP
431,fr-FR
431,ko-KR
431,ja-JP
431,de-DE
431,es-ES
432,fr-FR
432,it-IT
432,pl-PL
433,fr-FR
433,es-ES
433,zh-CN
433,de-DE
433,ja-JP
434,fr-FR
434,de-DE
434,ja-JP
434,es-ES
435,es-ES
435,zh-CN
435,de-DE
435,ja-JP
436,zh-CN
437,ja-JP
437,zh-CN
437,fr-FR
437,es-ES
437,de-DE
438,de-DE
438,es-ES
438,pl-PL
438,it-IT
438,fr-FR
438,nl-NL
439,de-DE
439,es-ES
439,ja-JP
439,ko-KR
440,it-IT
440,fr-FR
440,de-DE
440,nl-NL
441,fr-FR
441,de-DE
441,zh-CN
442,pl-PL
442,it-IT
442,fr-FR
443,fr-FR
443,de-DE
444,de-DE
444,zh-CN
444,fr-FR
445,de-DE
445,fr-FR
445,zh-CN
446,nl-NL
447,fr-FR
447,es-ES
447,ja-JP
448,de-DE
448,fr-FR
448,zh-CN
449,es-ES
449,fr-FR
450,zh-CN
450,ja-JP
450,fr-FR
450,es-ES
450,de-DE
451,es-ES
451,de-DE
452,de-DE
453,fr-FR
453,zh-CN
453,de-DE
454,es-ES
454,zh-CN
454,de-DE
454,fr-FR
454,ja-JP
455,es-ES
455,de-DE
455,fr-FR
456,fr-FR
456,de-DE
456,zh-CN
457,es-ES
457,de-DE
458,nl-NL
458,pl-PL
458,fr-FR
458,de-DE
458,es-ES
458,it-IT
459,de-DE
460,de-DE
461,fr-FR
462,de-DE
462,ja-JP
462,fr-FR
463,nl-NL
464,fr-FR
464,de-DE
464,zh-CN
465,de-DE
466,es-ES
466,ja-JP
466,fr-FR
466,ko-KR
466,de-DE
467,es-ES
467,ja-JP
467,ko-KR
467,fr-FR
467,de-DE
468,pl-PL
468,fr-FR
468,es-ES
468,nl-NL
469,de-DE
469,ja-JP
469,fr-FR
469,es-ES
470,de-DE
470,ja-JP
471,fr-FR
471,es-ES
471,ja-JP
471,zh-CN
472,de-DE
472,zh-CN
473,es-ES
473,fr-FR
473,pl-PL
473,it-IT
473,de-DE
474,es-ES
474,fr-FR
474,ja-JP
474,zh-CN
474,de-DE
475,ja-JP
475,ko-KR
475,es-ES
476,nl-NL
476,pl-PL
477,nl-NL
477,fr-FR
477,es-ES
477,de-DE
477,it-IT
477,pl-PL
478,de-DE
478,es-ES
478,ja-JP
478,fr-FR
479,es-ES
480,es-ES
480,fr-FR
480,de-DE
480,ja-JP
480,zh-CN
481,pl-PL
481,es-ES
481,fr-FR
481,it-IT
481,nl-NL
482,fr-FR
482,es-ES
482,ja-JP
482,ko-KR
482,de-DE
483,fr-FR
484,de-DE
485,ja-JP
486,fr-FR
486,es-ES
486,ja-JP
486,de-DE
487,de-DE
488,fr-FR
488,es-ES
488,de-DE
488,nl-NL
488,it-IT
489,it-IT
489,pl-PL
489,fr-FR
489,nl-NL
489,es-ES
489,de-DE
490,de-DE
490,ja-JP
490,es-ES
490,fr-FR
491,ja-JP
491,de-DE
491,es-ES
491,fr-FR
492,fr-FR
492,zh-CN
492,es-ES
492,ja-JP
492,de-DE
493,es-ES
493,it-IT
493,pl-PL
493,fr-FR
493,nl-NL
494,de-DE
495,zh-CN
496,fr-FR
496,es-ES
496,ja-JP
496,de-DE
497,fr-FR
497,ja-JP
497,es-ES
497,de-DE
498,zh-CN
498,fr-FR
499,fr-FR
499,zh-CN
499,de-DE
500,de-DE
501,de-DE
501,fr-FR
502,de-DE
502,fr-FR
503,de-DE
503,zh-CN
504,zh-CN
504,ja-JP
505,de-DE
505,ja-JP
505,ko-KR
505,es-ES
505,fr-FR
506,es-ES
507,de-DE
507,fr-FR
507,zh-CN
508,de-DE
508,es-ES
508,fr-FR
508,ja-JP
509,es-ES
509,fr-FR
510,zh-CN
511,ja-JP
511,de-DE
512,ja-JP
512,ko-KR
512,fr-FR
512,de-DE
512,es-ES
513,de-DE
513,zh-CN
513,fr-FR
514,ja-JP
514,zh-CN
514,fr-FR
515,es-ES
515,fr-FR
515,zh-CN
515,ja-JP
515,de-DE
516,nl-NL
516,it-IT
516,es-ES
516,fr-FR
517,ja-JP
518,ja-JP
518,fr-FR
518,de-DE
518,es-ES
519,it-IT
519,pl-PL
519,nl-NL
519,de-DE
519,fr-FR
519,es-ES
520,zh-CN
520,fr-FR
520,de-DE
521,de-DE
521,fr-FR
521,zh-CN
522,zh-CN
523,es-ES
523,it-IT
523,de-DE
523,fr-FR
523,pl-PL
523,nl-NL
524,de-DE
524,pl-PL
524,es-ES
524,nl-NL
524,fr-FR
524,it-IT
525,pl-PL
525,it-IT
526,de-DE
526,es-ES
526,zh-CN
526,fr-FR
526,ja-JP
527,fr-FR
527,zh-CN
527,de-DE
528,zh-CN
528,de-DE
528,fr-FR
529,de-DE
529,pl-PL
530,fr-FR
530,de-DE
530,zh-CN
531,pl-PL
531,it-IT
532,fr-FR
532,de-DE
532,ja-JP
532,es-ES
533,ja-JP
533,de-DE
534,fr-FR
534,ja-JP
535,fr-FR
535,zh-CN
535,de-DE
536,de-DE
536,es-ES
536,ko-KR
537,it-IT
538,fr-FR
538,zh-CN
538,es-ES
538,ja-JP
539,es-ES
539,fr-FR
539,nl-NL
540,ko-KR
540,ja-JP
540,fr-FR
541,de-DE
542,fr-FR
542,nl-NL
542,de-DE
542,es-ES
543,es-ES
543,ja-JP
543,de-DE
544,ko-KR
544,fr-FR
544,de-DE
545,de-DE
545,ko-KR
545,fr-FR
545,es-ES
545,ja-JP
546,fr-FR
546,de-DE
546,zh-CN
547,fr-FR
547,de-DE
547,ja-JP
548,zh-CN
548,de-DE
548,fr-FR
549,es-ES
549,de-DE
549,ja-JP
549,fr-FR
550,nl-NL
550,pl-PL
550,it-IT
550,de-DE
550,fr-FR
551,de-DE
551,es-ES
551,ja-JP
551,fr-FR
552,fr-FR
552,zh-CN
552,de-DE
553,ko-KR
553,de-DE
553,ja-JP
553,fr-FR
554,ja-JP
554,fr-FR
555,es-ES
555,ja-JP
555,de-DE
555,fr-FR
556,ko-KR
556,de-DE
556,es-ES
556,fr-FR
556,ja-JP
557,it-IT
557,de-DE
557,es-ES
558,es-ES
558,ja-JP
558,de-DE
558,fr-FR
558,ko-KR
559,ja-JP
560,zh-CN
560,fr-FR
560,de-DE
561,fr-FR
561,ko-KR
561,es-ES
562,es-ES
562,fr-FR
562,ko-KR
562,ja-JP
562,de-DE
563,ko-KR
563,de-DE
564,it-IT
564,es-ES
564,pl-PL
565,fr-FR
565,nl-NL
565,de-DE
565,pl-PL
565,es-ES
565,it-IT
566,fr-FR
566,de-DE
566,ja-JP
567,es-ES
568,de-DE
568,fr-FR
568,es-ES
568,zh-CN
568,ja-JP
569,es-ES
569,fr-FR
569,ko-KR
569,ja-JP
569,de-DE
570,ja-JP
571,de-DE
571,es-ES
571,it-IT
571,fr-FR
571,nl-NL
571,pl-PL
572,ja-JP
572,fr-FR
572,es-ES
572,de-DE
573,fr-FR
573,ja-JP
573,es-ES
573,de-DE
574,ja-JP
574,fr-FR
574,ko-KR
574,de-DE
574,es-ES
575,fr-FR
575,nl-NL
576,zh-CN
576,de-DE
577,de-DE
577,es-ES
578,ja-JP
578,es-ES
578,fr-FR
579,es-ES
579,de-DE
579,fr-FR
580,ja-JP
580,fr-FR
580,es-ES
581,fr-FR
581,de-DE
581,zh-CN
582,fr-FR
582,zh-CN
582,de-DE
583,ko-KR
583,fr-FR
583,de-DE
583,es-ES
583,ja-JP
584,fr-FR
584,de-DE
584,zh-CN
585,es-ES
585,pl-PL
585,de-DE
585,fr-FR
585,it-IT
585,nl-NL
586,es-ES
586,de-DE
586,ja-JP
586,ko-KR
586,fr-FR
587,de-DE
587,ja-JP
587,fr-FR
588,de-DE
588,zh-CN
588,fr-FR
589,pl-PL
589,fr-FR
589,de-DE
589,it-IT
590,it-IT
590,es-ES
590,de-DE
591,es-ES
591,ko-KR
591,fr-FR
592,de-DE
593,zh-CN
593,ja-JP
593,fr-FR
593,de-DE
593,es-ES
594,es-ES
594,de-DE
594,ja-JP
594,ko-KR
594,fr-FR
595,es-ES
595,fr-FR
596,fr-FR
596,ja-JP
596,zh-CN
596,es-ES
596,de-DE
597,es-ES
598,es-ES
599,fr-FR
599,pl-PL
599,es-ES
599,de-DE
599,it-IT
599,nl-NL
600,fr-FR
600,ko-KR
600,de-DE
600,ja-JP
601,de-DE
601,fr-FR
601,ja-JP
601,es-ES
602,de-DE
603,de-DE
603,pl-PL
603,nl-NL
603,es-ES
603,it-IT
604,fr-FR
604,de-DE
604,es-ES
604,ja-JP
605,zh-CN
605,de-DE
605,fr-FR
606,es-ES
606,de-DE
606,nl-NL
607,es-ES
607,it-IT
607,pl-PL
607,fr-FR
607,nl-NL
608,ja-JP
609,zh-CN
609,de-DE
609,ja-JP
609,es-ES
609,fr-FR
610,it-IT
610,pl-PL
610,fr-FR
610,nl-NL
610,de-DE
611,nl-NL
611,it-IT
611,fr-FR
611,pl-PL
611,de-DE
611,es-ES
612,fr-FR
612,es-ES
612,de-DE
612,ja-JP
613,es-ES
614,zh-CN
615,fr-FR
615,de-DE
616,de-DE
616,fr-FR
616,ja-JP
616,ko-KR
616,es-ES
617,es-ES
617,de-DE
617,fr-FR
617,ko-KR
617,ja-JP
618,fr-FR
618,zh-CN
618,de-DE
619,fr-FR
619,zh-CN
619,ja-JP
619,de-DE
619,es-ES
620,ja-JP
620,ko-KR
620,de-DE
620,fr-FR
620,es-ES
621,es-ES
621,pl-PL
621,de-DE
621,it-IT
621,nl-NL
621,fr-FR
622,zh-CN
623,es-ES
624,ko-KR
624,es-ES
624,ja-JP
625,ja-JP
625,fr-FR
625,de-DE
625,es-ES
626,fr-FR
626,ja-JP
626,es-ES
626,de-DE
627,ja-JP
627,ko-KR
627,es-ES
627,fr-FR
628,es-ES
628,de-DE
628,fr-FR
628,ja-JP
629,es-ES
629,de-DE
629,ko-KR
630,pl-PL
630,de-DE
630,it-IT
630,fr-FR
630,nl-NL
631,zh-CN
631,ja-JP
631,es-ES
632,fr-FR
633,fr-FR
633,it-IT
633,pl-PL
633,nl-NL
633,es-ES
633,de-DE
634,ja-JP
634,de-DE
634,zh-CN
634,es-ES
634,fr-FR
635,de-DE
636,fr-FR
637,ko-KR
637,fr-FR
638,zh-CN
638,es-ES
639,fr-FR
639,zh-CN
639,de-DE
640,nl-NL
640,fr-FR
640,es-ES
640,pl-PL
640,it-IT
641,es-ES
642,es-ES
642,ko-KR
643,fr-FR
643,es-ES
643,ja-JP
644,de-DE
644,ja-JP
644,ko-KR
644,fr-FR
644,es-ES
645,de-DE
645,pl-PL
645,fr-FR
645,it-IT
645,nl-NL
646,de-DE
646,es-ES
646,ja-JP
646,fr-FR
646,zh-CN
647,pl-PL
648,zh-CN
648,ja-JP
649,fr-FR
649,it-IT
650,it-IT
650,pl-PL
650,nl-NL
650,es-ES
650,fr-FR
650,de-DE
651,es-ES
651,de-DE
652,fr-FR
652,de-DE
653,nl-NL
653,de-DE
653,it-IT
653,pl-PL
653,fr-FR
653,es-ES
654,de-DE
654,fr-FR
654,ja-JP
654,es-ES
655,es-ES
655,ja-JP
655,de-DE
655,fr-FR
655,zh-CN
656,fr-FR
656,zh-CN
656,de-DE
657,de-DE
657,es-ES
657,fr-FR
657,ja-JP
657,ko-KR
658,de-DE
659,fr-FR
659,zh-CN
660,ja-JP
660,fr-FR
660,es-ES
660,de-DE
660,ko-KR
661,fr-FR
661,es-ES
661,ja-JP
661,de-DE
662,ja-JP
662,fr-FR
662,ko-KR
662,de-DE
663,fr-FR
663,de-DE
663,zh-CN
664,it-IT
664,es-ES
664,pl-PL
664,de-DE
664,nl-NL
664,fr-FR
665,it-IT
665,de-DE
665,nl-NL
665,es-ES
665,fr-FR
666,es-ES
666,fr-FR
666,pl-PL
666,nl-NL
667,zh-CN
667,de-DE
667,fr-FR
668,fr-FR
668,ko-KR
668,de-DE
668,es-ES
668,ja-JP
669,ko-KR
669,es-ES
669,de-DE
669,fr-FR
669,ja-JP
670,ja-JP
670,de-DE
670,fr-FR
670,es-ES
670,zh-CN
671,de-DE
671,fr-FR
671,es-ES
671,ja-JP
672,fr-FR
673,fr-FR
673,zh-CN
673,ja-JP
673,de-DE
673,es-ES
674,zh-CN
674,de-DE
675,ja-JP
675,fr-FR
675,de-DE
675,es-ES
676,pl-PL
676,es-ES
677,fr-FR
677,zh-CN
677,de-DE
678,fr-FR
678,de-DE
679,ja-JP
679,es-ES
679,fr-FR
679,zh-CN
679,de-DE
680,zh-CN
680,fr-FR
681,zh-CN
681,es-ES
681,fr-FR
681,ja-JP
681,de-DE
682,es-ES
683,es-ES
683,fr-FR
683,de-DE
684,es-ES
684,zh-CN
684,fr-FR
685,es-ES
685,ja-JP
685,fr-FR
685,ko-KR
685,de-DE
686,fr-FR
686,zh-CN
686,de-DE
687,es-ES
687,fr-FR
688,ko-KR
688,ja-JP
688,es-ES
688,fr-FR
688,de-DE
689,ja-JP
689,de-DE
689,fr-FR
689,es-ES
690,zh-CN
691,ja-JP
691,es-ES
691,de-DE
691,fr-FR
692,es-ES
692,pl-PL
692,de-DE
692,it-IT
693,pl-PL
693,it-IT
693,fr-FR
694,fr-FR
694,es-ES
695,es-ES
696,ja-JP
697,fr-FR
697,ja-JP
698,ja-JP
698,fr-FR
698,zh-CN
698,es-ES
698,de-DE
699,de-DE
700,es-ES
701,pl-PL
701,es-ES
701,it-IT
701,fr-FR
701,nl-NL
701,de-DE
702,fr-FR
702,zh-CN
703,zh-CN
704,zh-CN
704,fr-FR
705,de-DE
706,ja-JP
706,de-DE
706,es-ES
707,ko-KR
707,es-ES
707,de-DE
708,fr-FR
708,es-ES
709,fr-FR
710,es-ES
710,de-DE
710,ja-JP
710,fr-FR
710,zh-CN
711,fr-FR
711,de-DE
711,zh-CN
712,fr-FR
712,zh-CN
712,ja-JP
713,pl-PL
713,nl-NL
713,de-DE
713,it-IT
714,fr-FR
715,ja-JP
715,es-ES
715,de-DE
716,ja-JP
716,zh-CN
716,es-ES
716,fr-FR
716,de-DE
717,es-ES
718,zh-CN
718,es-ES
718,de-DE
718,fr-FR
719,es-ES
719,de-DE
719,nl-NL
719,it-IT
720,fr-FR
720,de-DE
721,de-DE
721,nl-NL
721,es-ES
722,zh-CN
722,fr-FR
722,de-DE
723,pl-PL
723,it-IT
724,es-ES
725,es-ES
725,ko-KR
725,fr-FR
726,ja-JP
726,es-ES
726,de-DE
726,ko-KR
726,fr-FR
727,de-DE
727,ja-JP
727,fr-FR
728,zh-CN
728,de-DE
729,es-ES
729,fr-FR
729,zh-CN
730,de-DE
730,es-ES
730,fr-FR
730,ja-JP
731,de-DE
731,es-ES
732,es-ES
732,zh-CN
732,ja-JP
732,fr-FR
733,fr-FR
734,ja-JP
734,ko-KR
734,fr-FR
735,de-DE
735,ja-JP
735,fr-FR
735,es-ES
736,es-ES
736,fr-FR
736,de-DE
736,nl-NL
736,it-IT
737,fr-FR
737,ja-JP
738,de-DE
738,fr-FR
738,zh-CN
739,ja-JP
740,ko-KR
740,ja-JP
740,es-ES
740,fr-FR
741,zh-CN
741,es-ES
741,de-DE
741,ja-JP
741,fr-FR
742,ja-JP
742,fr-FR
742,de-DE
743,fr-FR
743,ja-JP
744,fr-FR
744,zh-CN
744,de-DE
744,ja-JP
744,es-ES
745,zh-CN
745,fr-FR
745,de-DE
746,fr-FR
746,zh-CN
747,it-IT
747,pl-PL
747,nl-NL
747,de-DE
747,fr-FR
747,es-ES
748,pl-PL
748,nl-NL
748,de-DE
748,it-IT
748,fr-FR
748,es-ES
749,es-ES
749,fr-FR
749,ko-KR
749,ja-JP
749,de-DE
750,fr-FR
750,ja-JP
750,es-ES
750,de-DE
751,fr-FR
751,es-ES
752,fr-FR
752,ko-KR
752,ja-JP
752,es-ES
753,de-DE
753,ja-JP
754,es-ES
754,fr-FR
754,ja-JP
754,de-DE
755,de-DE
755,fr-FR
755,zh-CN
756,ja-JP
756,de-DE
756,es-ES
756,fr-FR
757,ko-KR
757,ja-JP
757,de-DE
757,fr-FR
757,es-ES
758,fr-FR
758,es-ES
758,ja-JP
758,zh-CN
758,de-DE
759,pl-PL
760,ja-JP
761,pl-PL
761,fr-FR
761,de-DE
761,nl-NL
761,es-ES
761,it-IT
762,fr-FR
762,de-DE
762,zh-CN
763,zh-CN
763,fr-FR
763,de-DE
764,es-ES
765,ko-KR
765,de-DE
765,ja-JP
765,fr-FR
766,fr-FR
766,es-ES
766,de-DE
766,ja-JP
767,pl-PL
767,nl-NL
767,de-DE
767,fr-FR
767,es-ES
768,zh-CN
768,fr-FR
769,es-ES
769,ja-JP
769,fr-FR
769,de-DE
769,ko-KR
770,de-DE
770,zh-CN
770,fr-FR
771,ja-JP
771,fr-FR
771,es-ES
772,es-ES
772,ja-JP
772,de-DE
772,ko-KR
772,fr-FR
773,es-ES
773,nl-NL
773,de-DE
773,fr-FR
774,de-DE
774,es-ES
774,ko-KR
774,fr-FR
774,ja-JP
775,fr-FR
775,pl-PL
775,it-IT
775,es-ES
776,fr-FR
777,ko-KR
777,es-ES
778,de-DE
778,it-IT
778,fr-FR
778,pl-PL
778,es-ES
779,fr-FR
779,zh-CN
779,de-DE
780,zh-CN
780,de-DE
780,fr-FR
781,fr-FR
781,de-DE
781,ja-JP
781,es-ES
782,pl-PL
782,fr-FR
782,es-ES
782,it-IT
783,ja-JP
783,de-DE
783,es-ES
783,ko-KR
783,fr-FR
784,fr-FR
784,de-DE
784,ja-JP
784,zh-CN
784,es-ES
785,de-DE
785,zh-CN
785,fr-FR
786,de-DE
786,ja-JP
786,fr-FR
787,de-DE
788,ko-KR
788,de-DE
788,es-ES
788,ja-JP
788,fr-FR
789,es-ES
790,de-DE
790,it-IT
790,es-ES
790,nl-NL
791,pl-PL
792,de-DE
792,fr-FR
792,zh-CN
793,de-DE
793,fr-FR
793,zh-CN
794,zh-CN
794,fr-FR
794,es-ES
794,de-DE
794,ja-JP
795,fr-FR
796,ja-JP
796,es-ES
796,de-DE
796,fr-FR
797,de-DE
797,zh-CN
797,fr-FR
798,de-DE
798,zh-CN
798,fr-FR
799,fr-FR
799,zh-CN
799,de-DE
800,es-ES
800,de-DE
801,zh-CN
801,ja-JP
801,de-DE
801,es-ES
801,fr-FR
802,de-DE
802,es-ES
803,fr-FR
804,de-DE
804,ja-JP
804,fr-FR
804,es-ES
805,nl-NL
806,es-ES
806,it-IT
806,nl-NL
807,de-DE
808,ja-JP
808,de-DE
808,es-ES
808,fr-FR
809,ja-JP
809,de-DE
810,fr-FR
810,ja-JP
810,de-DE
811,fr-FR
812,fr-FR
812,de-DE
813,zh-CN
814,fr-FR
814,ko-KR
815,it-IT
815,pl-PL
815,fr-FR
816,ja-JP
816,de-DE
816,fr-FR
816,zh-CN
817,ja-JP
817,de-DE
818,ko-KR
818,es-ES
818,fr-FR
818,ja-JP
818,de-DE
819,fr-FR
819,pl-PL
819,de-DE
820,es-ES
821,fr-FR
821,de-DE
821,ja-JP
822,zh-CN
822,de-DE
822,fr-FR
823,ja-JP
823,de-DE
824,fr-FR
824,de-DE
824,ja-JP
824,zh-CN
824,es-ES
825,zh-CN
825,es-ES
825,fr-FR
825,de-DE
825,ja-JP
826,es-ES
826,it-IT
826,de-DE
826,fr-FR
826,nl-NL
827,fr-FR
827,de-DE
827,zh-CN
828,zh-CN
828,fr-FR
828,de-DE
829,es-ES
829,nl-NL
829,fr-FR
829,de-DE
829,pl-PL
829,it-IT
830,ja-JP
830,fr-FR
831,fr-FR
831,es-ES
832,fr-FR
832,de-DE
832,zh-CN
833,de-DE
833,fr-FR
834,de-DE
834,zh-CN
834,ja-JP
834,fr-FR
834,es-ES
835,es-ES
836,fr-FR
836,de-DE
836,zh-CN
837,ko-KR
837,es-ES
837,fr-FR
837,de-DE
838,fr-FR
838,nl-NL
838,it-IT
838,es-ES
838,pl-PL
838,de-DE
839,fr-FR
839,zh-CN
839,de-DE
840,de-DE
840,fr-FR
840,zh-CN
841,fr-FR
841,es-ES
841,ja-JP
841,zh-CN
841,de-DE
842,fr-FR
842,zh-CN
843,es-ES
843,ja-JP
843,de-DE
843,fr-FR
844,es-ES
845,zh-CN
846,fr-FR
846,es-ES
846,de-DE
846,ja-JP
846,ko-KR
847,de-DE
847,es-ES
848,de-DE
849,zh-CN
849,es-ES
849,ja-JP
849,de-DE
849,fr-FR
850,ja-JP
850,es-ES
850,de-DE
850,zh-CN
851,nl-NL
851,de-DE
851,fr-FR
851,es-ES
851,pl-PL
851,it-IT
852,fr-FR
852,de-DE
852,zh-CN
853,es-ES
853,fr-FR
853,de-DE
853,ja-JP
853,zh-CN
854,de-DE
854,ja-JP
854,fr-FR
854,es-ES
854,zh-CN
855,zh-CN
856,fr-FR
856,ja-JP
856,es-ES
857,es-ES
857,fr-FR
857,de-DE
857,ja-JP
858,de-DE
858,es-ES
858,ja-JP
858,fr-FR
859,ja-JP
859,zh-CN
859,fr-FR
860,fr-FR
860,zh-CN
860,de-DE
861,it-IT
861,es-ES
861,fr-FR
862,ja-JP
862,de-DE
862,es-ES
862,fr-FR
863,pl-PL
864,de-DE
865,fr-FR
865,de-DE
865,es-ES
865,ja-JP
866,de-DE
866,ja-JP
866,fr-FR
866,es-ES
867,fr-FR
867,de-DE
867,it-IT
868,zh-CN
869,es-ES
869,zh-CN
870,pl-PL
870,it-IT
871,ja-JP
871,es-ES
871,de-DE
871,zh-CN
871,fr-FR
872,zh-CN
872,de-DE
872,fr-FR
873,fr-FR
874,de-DE
874,es-ES
874,fr-FR
874,ja-JP
875,de-DE
875,fr-FR
876,es-ES
876,fr-FR
876,it-IT
876,pl-PL
876,nl-NL
876,de-DE
877,es-ES
877,zh-CN
877,ja-JP
877,de-DE
877,fr-FR
878,zh-CN
879,de-DE
880,pl-PL
881,fr-FR
881,zh-CN
881,de-DE
881,ja-JP
881,es-ES
882,es-ES
882,fr-FR
882,ja-JP
883,fr-FR
883,nl-NL
883,de-DE
884,fr-FR
885,fr-FR
885,de-DE
885,es-ES
885,ja-JP
886,de-DE
886,ja-JP
886,fr-FR
886,es-ES
887,zh-CN
887,de-DE
887,es-ES
887,ja-JP
887,fr-FR
888,de-DE
888,zh-CN
889,de-DE
889,fr-FR
889,ja-JP
889,es-ES
890,fr-FR
891,fr-FR
891,pl-PL
891,es-ES
891,nl-NL
891,de-DE
891,it-IT
892,es-ES
892,ja-JP
893,es-ES
893,ko-KR
894,fr-FR
894,es-ES
894,ja-JP
894,zh-CN
894,de-DE
895,ja-JP
895,de-DE
896,de-DE
896,fr-FR
897,es-ES
898,zh-CN
898,de-DE
898,fr-FR
899,de-DE
899,ja-JP
900,de-DE
900,it-IT
900,pl-PL
900,fr-FR
901,fr-FR
901,de-DE
901,es-ES
901,ko-KR
902,de-DE
902,ja-JP
902,fr-FR
902,es-ES
903,de-DE
903,fr-FR
903,zh-CN
904,ja-JP
904,de-DE
904,ko-KR
904,fr-FR
904,es-ES
905,fr-FR
905,es-ES
906,fr-FR
906,ja-JP
906,es-ES
906,de-DE
907,it-IT
907,es-ES
907,de-DE
907,fr-FR
907,nl-NL
907,pl-PL
908,zh-CN
908,de-DE
908,fr-FR
909,es-ES
909,ja-JP
909,de-DE
909,ko-KR
909,fr-FR
910,fr-FR
911,es-ES
911,ja-JP
911,de-DE
911,fr-FR
912,nl-NL
912,fr-FR
913,fr-FR
913,de-DE
914,fr-FR
914,ja-JP
914,es-ES
914,de-DE
915,zh-CN
915,ja-JP
915,fr-FR
916,de-DE
916,es-ES
916,fr-FR
916,ko-KR
917,fr-FR
917,es-ES
917,ja-JP
917,de-DE
918,de-DE
918,it-IT
918,es-ES
918,fr-FR
918,pl-PL
919,fr-FR
919,nl-NL
919,pl-PL
919,de-DE
919,it-IT
920,pl-PL
920,nl-NL
920,es-ES
921,es-ES
922,fr-FR
922,es-ES
922,de-DE
922,zh-CN
922,ja-JP
923,fr-FR
923,zh-CN
923,de-DE
924,ja-JP
924,de-DE
924,es-ES
924,ko-KR
925,es-ES
925,fr-FR
925,ja-JP
926,de-DE
926,pl-PL
926,it-IT
926,es-ES
926,fr-FR
927,ko-KR
927,de-DE
927,ja-JP
928,de-DE
928,zh-CN
928,fr-FR
929,fr-FR
929,ja-JP
929,de-DE
930,es-ES
930,fr-FR
930,de-DE
931,de-DE
931,pl-PL
931,nl-NL
931,es-ES
932,zh-CN
932,fr-FR
932,de-DE
933,de-DE
933,fr-FR
934,es-ES
934,de-DE
934,ja-JP
934,zh-CN
935,de-DE
935,es-ES
935,ja-JP
935,fr-FR
936,de-DE
936,es-ES
936,fr-FR
937,de-DE
937,fr-FR
937,ja-JP
938,fr-FR
938,ja-JP
938,es-ES
939,zh-CN
939,de-DE
939,fr-FR
940,fr-FR
940,de-DE
940,zh-CN
941,fr-FR
942,fr-FR
942,zh-CN
942,de-DE
942,es-ES
942,ja-JP
943,fr-FR
943,ja-JP
943,zh-CN
943,de-DE
943,es-ES
944,fr-FR
944,de-DE
944,ja-JP
945,zh-CN
945,fr-FR
945,de-DE
946,ja-JP
946,ko-KR
946,es-ES
947,fr-FR
947,de-DE
947,zh-CN
948,fr-FR
948,de-DE
948,ja-JP
948,es-ES
949,fr-FR
949,ja-JP
949,es-ES
949,de-DE
950,zh-CN
950,fr-FR
950,de-DE
951,de-DE
951,ja-JP
952,es-ES
952,ja-JP
953,ja-JP
953,es-ES
953,ko-KR
953,de-DE
953,fr-FR
954,nl-NL
954,de-DE
955,fr-FR
955,de-DE
956,fr-FR
956,zh-CN
957,fr-FR
957,de-DE
957,ja-JP
957,es-ES
958,de-DE
958,zh-CN
959,zh-CN
960,de-DE
960,fr-FR
961,fr-FR
961,es-ES
961,de-DE
962,fr-FR
962,es-ES
962,nl-NL
962,de-DE
962,pl-PL
962,it-IT
963,es-ES
963,de-DE
964,ja-JP
964,de-DE
964,es-ES
965,fr-FR
965,de-DE
965,pl-PL
965,es-ES
965,nl-NL
965,it-IT
966,de-DE
966,es-ES
966,fr-FR
966,ko-KR
966,ja-JP
967,de-DE
967,zh-CN
967,fr-FR
968,ja-JP
968,fr-FR
968,zh-CN
968,es-ES
968,de-DE
969,ko-KR
969,es-ES
969,fr-FR
970,ko-KR
970,de-DE
970,ja-JP
970,fr-FR
970,es-ES
971,es-ES
971,it-IT
972,de-DE
972,ja-JP
973,de-DE
973,es-ES
973,fr-FR
974,es-ES
974,nl-NL
974,de-DE
974,it-IT
974,pl-PL
974,fr-FR
975,de-DE
975,es-ES
975,fr-FR
976,fr-FR
976,pl-PL
976,de-DE
977,fr-FR
978,fr-FR
978,ja-JP
978,de-DE
979,fr-FR
979,es-ES
980,ja-JP
981,de-DE
981,zh-CN
981,ja-JP
981,fr-FR
982,zh-CN
982,fr-FR
982,de-DE
983,es-ES
983,ko-KR
983,de-DE
983,fr-FR
983,ja-JP
984,fr-FR
984,ja-JP
984,de-DE
984,es-ES
985,fr-FR
985,zh-CN
985,de-DE
986,it-IT
986,nl-NL
986,de-DE
986,es-ES
986,pl-PL
986,fr-FR
987,de-DE
987,it-IT
987,fr-FR
987,es-ES
987,pl-PL
988,ja-JP
988,es-ES
988,zh-CN
988,de-DE
988,fr-FR
989,de-DE
990,ja-JP
990,es-ES
990,fr-FR
990,de-DE
991,de-DE
991,zh-CN
992,zh-CN
992,fr-FR
992,de-DE
993,nl-NL
993,fr-FR
993,pl-PL
993,es-ES
993,de-DE
993,it-IT
994,zh-CN
994,fr-FR
994,de-DE
995,it-IT
995,es-ES
995,nl-NL
995,fr-FR
995,de-DE
995,pl-PL
996,nl-NL
996,de-DE
996,fr-FR
996,pl-PL
996,it-IT
997,fr-FR
997,es-ES
997,zh-CN
997,de-DE
997,ja-JP
998,de-DE
998,nl-NL
998,pl-PL
998,it-IT
998,es-ES
998,fr-FR
999,fr-FR
999,de-DE
999,zh-CN
1000,ja-JP
1000,fr-FR
1000,es-ES
1000,de-DE
1001,de-DE
1001,fr-FR
1001,zh-CN
1001,es-ES
1002,fr-FR
1002,de-DE
1002,zh-CN
1003,nl-NL
1003,es-ES
1004,es-ES
1004,de-DE
1004,ko-KR
1005,fr-FR
1005,zh-CN
1006,de-DE
1006,fr-FR
1006,zh-CN
1007,zh-CN
1007,fr-FR
1007,de-DE
1008,nl-NL
1008,es-ES
1008,de-DE
1008,pl-PL
1008,it-IT
1008,fr-FR
1009,pl-PL
1009,es-ES
1009,fr-FR
1009,de-DE
1010,de-DE
1010,ja-JP
1011,ja-JP
1011,fr-FR
1011,ko-KR
1011,de-DE
1011,es-ES
1012,de-DE
1012,fr-FR
1013,zh-CN
1014,zh-CN
1014,de-DE
1014,fr-FR
1015,zh-CN
1016,de-DE
1016,fr-FR
1016,zh-CN
1017,zh-CN
1017,ja-JP
1018,ja-JP
1019,pl-PL
1019,fr-FR
1020,it-IT
1020,pl-PL
1020,de-DE
1020,fr-FR
1020,es-ES
1021,fr-FR
1021,ja-JP
1021,es-ES
1021,de-DE
1022,zh-CN
1022,fr-FR
1022,de-DE
1023,de-DE
1023,es-ES
1023,ko-KR
1023,fr-FR
1023,ja-JP
1024,fr-FR
1025,ko-KR
1025,es-ES
1025,ja-JP
1025,fr-FR
1025,de-DE
1026,de-DE
1026,ko-KR
1026,ja-JP
1027,nl-NL
1027,es-ES
1027,fr-FR
1027,pl-PL
1027,it-IT
1028,fr-FR
1028,es-ES
1028,ja-JP
1029,es-ES
1029,de-DE
1030,it-IT
1030,de-DE
1030,es-ES
1030,pl-PL
1031,ja-JP
1031,de-DE
1031,es-ES
1031,fr-FR
1032,de-DE
1032,zh-CN
1032,fr-FR
1033,it-IT
1034,fr-FR
1034,ja-JP
1034,de-DE
1035,fr-FR
1035,ja-JP
1035,es-ES
1036,de-DE
1036,es-ES
1037,es-ES
1037,fr-FR
1038,ko-KR
1038,es-ES
1039,nl-NL
1039,es-ES
1040,de-DE
1040,ja-JP
1040,es-ES
1040,fr-FR
1041,fr-FR
1041,ja-JP
1041,es-ES
1041,zh-CN
1041,de-DE
1042,ja-JP
1043,fr-FR
1043,zh-CN
1043,de-DE
1044,fr-FR
1044,es-ES
1044,ja-JP
1045,es-ES
1045,it-IT
1046,ja-JP
1046,ko-KR
1046,es-ES
1046,de-DE
1047,es-ES
1048,es-ES
1048,ja-JP
1048,de-DE
1048,ko-KR
1048,fr-FR
1049,de-DE
1050,de-DE
1050,it-IT
1051,es-ES
1051,ja-JP
1051,de-DE
1052,fr-FR
1052,de-DE
1052,ja-JP
1052,es-ES
1053,fr-FR
1053,de-DE
1053,it-IT
1053,nl-NL
1053,es-ES
1053,pl-PL
1054,es-ES
1054,zh-CN
1054,de-DE
1055,it-IT
1055,nl-NL
1055,pl-PL
1055,fr-FR
1055,de-DE
1056,fr-FR
1056,pl-PL
1056,it-IT
1056,de-DE
1056,es-ES
1056,nl-NL
1057,es-ES
1057,fr-FR
1058,de-DE
1058,fr-FR
1058,nl-NL
1058,pl-PL
1059,de-DE
1059,zh-CN
1059,es-ES
1059,fr-FR
1059,ja-JP
1060,ko-KR
1061,ja-JP
1061,fr-FR
1061,de-DE
1061,es-ES
1061,zh-CN
1062,de-DE
1062,fr-FR
1062,ja-JP
1062,es-ES
1063,fr-FR
1063,es-ES
1063,ja-JP
1064,es-ES
1064,fr-FR
1064,de-DE
1064,ja-JP
1065,de-DE
1065,fr-FR
1065,zh-CN
1066,ja-JP
1066,de-DE
1066,ko-KR
1066,es-ES
1066,fr-FR
1067,zh-CN
1067,de-DE
1067,fr-FR
1068,zh-CN
1069,nl-NL
1069,fr-FR
1069,de-DE
1069,it-IT
1069,pl-PL
1069,es-ES
1070,es-ES
1070,de-DE
1070,nl-NL
1070,fr-FR
1070,it-IT
1071,es-ES
1071,nl-NL
1071,pl-PL
1072,zh-CN
1072,de-DE
1073,nl-NL
1073,fr-FR
1073,pl-PL
1074,es-ES
1074,fr-FR
1074,de-DE
1074,ja-JP
1074,ko-KR
1075,de-DE
1076,de-DE
1076,fr-FR
1076,es-ES
1077,fr-FR
1077,de-DE
1077,zh-CN
1078,es-ES
1078,pl-PL
1078,de-DE
1078,fr-FR
1078,nl-NL
1079,pl-PL
1079,de-DE
1079,fr-FR
1079,es-ES
1079,it-IT
1080,fr-FR
1080,zh-CN
1080,de-DE
1081,de-DE
1081,fr-FR
1081,it-IT
1082,es-ES
1083,ja-JP
1084,fr-FR
1085,zh-CN
1085,fr-FR
1086,de-DE
1086,fr-FR
1087,de-DE
1088,fr-FR
1088,es-ES
1088,ja-JP
1088,ko-KR
1089,zh-CN
1089,es-ES
1090,de-DE
1091,nl-NL
1091,de-DE
1092,ja-JP
1092,es-ES
1092,fr-FR
1092,de-DE
1092,zh-CN
1093,ja-JP
1093,fr-FR
1093,ko-KR
1093,es-ES
1093,de-DE
1094,ja-JP
1094,es-ES
1094,fr-FR
1094,de-DE
1095,fr-FR
1095,de-DE
1095,zh-CN
1096,de-DE
1097,it-IT
1097,de-DE
1097,es-ES
1097,fr-FR
1097,pl-PL
1097,nl-NL
1098,fr-FR
1098,ja-JP
1098,zh-CN
1098,de-DE
1098,es-ES
1099,fr-FR
1099,de-DE
1099,es-ES
1099,it-IT
1099,pl-PL
1100,de-DE
1100,fr-FR
1100,ja-JP
1100,ko-KR
1100,es-ES
1101,de-DE
1101,fr-FR
1102,it-IT
1102,de-DE
1102,pl-PL
1102,nl-NL
1102,fr-FR
1102,es-ES
1103,es-ES
1103,ja-JP
1103,de-DE
1103,fr-FR
1104,de-DE
1104,ja-JP
1104,es-ES
1104,fr-FR
1105,zh-CN
1105,de-DE
1106,fr-FR
1106,de-DE
1106,zh-CN
1107,fr-FR
1107,ko-KR
1107,es-ES
1107,de-DE
1107,ja-JP
1108,es-ES
1108,ja-JP
1109,fr-FR
1109,zh-CN
1110,zh-CN
1110,de-DE
1111,ja-JP
1112,de-DE
1112,zh-CN
1112,fr-FR
1113,fr-FR
1113,ko-KR
1113,ja-JP
1113,de-DE
1113,es-ES
1114,zh-CN
1114,de-DE
1114,fr-FR
1115,nl-NL
1115,it-IT
1115,fr-FR
1115,pl-PL
1115,de-DE
1115,es-ES
1116,fr-FR
1116,zh-CN
1116,de-DE
1117,nl-NL
1118,fr-FR
1118,zh-CN
1118,de-DE
1119,es-ES
1120,ja-JP
1120,es-ES
1120,de-DE
1120,fr-FR
1121,fr-FR
1122,fr-FR
1122,zh-CN
1122,de-DE
1123,de-DE
1123,fr-FR
1123,ja-JP
1123,es-ES
1124,fr-FR
1124,de-DE
1124,zh-CN
1125,ja-JP
1125,de-DE
1126,de-DE
1126,es-ES
1127,es-ES
1127,de-DE
1128,de-DE
1128,fr-FR
1128,zh-CN
1129,fr-FR
1129,ja-JP
1129,de-DE
1130,fr-FR
1130,es-ES
1131,de-DE
1131,es-ES
1132,de-DE
1132,zh-CN
1133,es-ES
1133,ko-KR
1133,fr-FR
1133,ja-JP
1134,nl-NL
1134,de-DE
1134,it-IT
1135,es-ES
1135,it-IT
1135,fr-FR
1135,pl-PL
1135,nl-NL
1136,es-ES
1136,de-DE
1136,ja-JP
1136,zh-CN
1136,fr-FR
1137,fr-FR
1137,es-ES
1137,de-DE
1138,nl-NL
1138,de-DE
1139,de-DE
1139,es-ES
1139,fr-FR
1139,ja-JP
1140,pl-PL
1140,fr-FR
1140,de-DE
1140,nl-NL
1140,it-IT
1140,es-ES
1141,fr-FR
1141,ja-JP
1141,de-DE
1141,es-ES
1142,nl-NL
1142,it-IT
1142,de-DE
1143,de-DE
1143,fr-FR
1143,zh-CN
1144,ja-JP
1144,es-ES
1144,de-DE
1145,es-ES
1145,ko-KR
1146,fr-FR
1146,es-ES
1146,de-DE
1146,ja-JP
1147,ko-KR
1147,de-DE
1148,es-ES
1148,ja-JP
1148,de-DE
1148,fr-FR
1148,ko-KR
1149,it-IT
1149,pl-PL
1149,fr-FR
1149,es-ES
1150,es-ES
1150,fr-FR
1150,nl-NL
1150,de-DE
1150,pl-PL
1150,it-IT
1151,de-DE
1151,zh-CN
1151,fr-FR
1152,it-IT
1152,de-DE
1152,nl-NL
1152,es-ES
1152,fr-FR
1152,pl-PL
1153,fr-FR
1153,ja-JP
1153,ko-KR
1153,de-DE
1153,es-ES
1154,es-ES
1154,nl-NL
1154,pl-PL
1154,fr-FR
1154,de-DE
1154,it-IT
1155,fr-FR
1156,ja-JP
1156,fr-FR
1156,de-DE
1156,es-ES
1157,zh-CN
1157,de-DE
1157,fr-FR
1158,pl-PL
1159,fr-FR
1159,de-DE
1159,ko-KR
1160,ja-JP
1160,fr-FR
1161,fr-FR
1161,es-ES
1161,ja-JP
1162,fr-FR
1163,fr-FR
1164,de-DE
1165,es-ES
1165,fr-FR
1166,de-DE
1166,zh-CN
1166,fr-FR
1167,pl-PL
1167,de-DE
1167,fr-FR
1167,nl-NL
1167,it-IT
1167,es-ES
1168,es-ES
1168,de-DE
1168,ja-JP
1168,fr-FR
1169,it-IT
1170,de-DE
1170,es-ES
1170,zh-CN
1170,ja-JP
1171,de-DE
1171,zh-CN
1171,fr-FR
1172,de-DE
1172,ja-JP
1172,es-ES
1173,es-ES
1173,de-DE
1173,nl-NL
1173,it-IT
1174,es-ES
1174,ja-JP
1175,fr-FR
1176,es-ES
1176,zh-CN
1176,fr-FR
1176,de-DE
1176,ja-JP
1177,ja-JP
1177,de-DE
1178,zh-CN
1178,de-DE
1178,fr-FR
1179,pl-PL
1179,fr-FR
1180,ja-JP
1180,es-ES
1180,fr-FR
1180,de-DE
1181,fr-FR
1181,ja-JP
1181,es-ES
1182,zh-CN
1182,ja-JP
1182,es-ES
1182,fr-FR
1183,ja-JP
1183,fr-FR
1183,de-DE
1184,it-IT
1184,fr-FR
1184,es-ES
1184,nl-NL
1184,de-DE
1184,pl-PL
1185,de-DE
1186,es-ES
1186,fr-FR
1186,ko-KR
1186,de-DE
1187,ko-KR
1187,de-DE
1187,fr-FR
1187,ja-JP
1188,zh-CN
1188,fr-FR
1189,ja-JP
1189,es-ES
1189,de-DE
1189,fr-FR
1189,ko-KR
1190,nl-NL
1190,fr-FR
1190,de-DE
1191,fr-FR
1191,de-DE
1191,zh-CN
1191,es-ES
1191,ja-JP
1192,zh-CN
1192,fr-FR
1193,pl-PL
1193,fr-FR
1193,it-IT
1193,de-DE
1194,ja-JP
1194,de-DE
1194,es-ES
1194,zh-CN
1194,fr-FR
1195,es-ES
1195,de-DE
1195,ja-JP
1195,fr-FR
1195,ko-KR
1196,nl-NL
1196,pl-PL
1196,it-IT
1197,fr-FR
1198,pl-PL
1198,it-IT
1198,nl-NL
1198,es-ES
1198,fr-FR
1198,de-DE
1199,ja-JP
1199,fr-FR
1199,de-DE
1200,fr-FR
1200,es-ES
1200,de-DE
1200,zh-CN
1200,ja-JP
1201,fr-FR
1201,de-DE
1201,es-ES
1202,zh-CN
1202,de-DE
1203,de-DE
1203,es-ES
1203,it-IT
1203,pl-PL
1203,nl-NL
1204,it-IT
1204,de-DE
1204,fr-FR
1204,pl-PL
1205,de-DE
1205,fr-FR
1205,zh-CN
1206,ko-KR
1206,fr-FR
1207,de-DE
1207,ja-JP
1208,fr-FR
1209,ja-JP
1209,de-DE
1210,nl-NL
1210,pl-PL
1210,it-IT
1210,es-ES
1210,fr-FR
1210,de-DE
1211,de-DE
1211,fr-FR
1211,ja-JP
1211,es-ES
1212,ja-JP
1213,ja-JP
1213,de-DE
1214,fr-FR
1214,zh-CN
1214,de-DE
1215,de-DE
1215,zh-CN
1215,es-ES
1215,ja-JP
1215,fr-FR
1216,fr-FR
1216,de-DE
1216,it-IT
1216,nl-NL
1216,es-ES
1217,de-DE
1217,fr-FR
1217,es-ES
1217,ja-JP
1218,ja-JP
1218,es-ES
1219,de-DE
1219,zh-CN
1219,fr-FR
1220,pl-PL
1220,es-ES
1220,fr-FR
1221,fr-FR
1221,ko-KR
1221,es-ES
1222,fr-FR
1222,ja-JP
1222,de-DE
1222,ko-KR
1222,es-ES
1223,fr-FR
1223,es-ES
1223,de-DE
1224,de-DE
1224,zh-CN
1224,fr-FR
1225,ja-JP
1226,fr-FR
1226,de-DE
1226,es-ES
1226,ja-JP
1227,fr-FR
1227,de-DE
1227,zh-CN
1228,es-ES
1228,fr-FR
1228,zh-CN
1228,de-DE
1228,ja-JP
1229,de-DE
1229,fr-FR
1229,zh-CN
1230,fr-FR
1230,de-DE
1230,zh-CN
1231,de-DE
1232,de-DE
1232,ja-JP
1232,fr-FR
1232,es-ES
1233,fr-FR
1233,de-DE
1233,ja-JP
1233,es-ES
1234,fr-FR
1234,es-ES
1234,zh-CN
1234,ja-JP
1235,de-DE
1235,es-ES
1235,fr-FR
1235,ja-JP
1236,ko-KR
1236,de-DE
1236,fr-FR
1237,it-IT
1238,fr-FR
1238,ko-KR
1238,ja-JP
1238,es-ES
1238,de-DE
1239,ja-JP
1239,fr-FR
1239,de-DE
1240,es-ES
1240,de-DE
1240,ja-JP
1240,fr-FR
1241,es-ES
1241,de-DE
1241,ko-KR
1241,fr-FR
1241,ja-JP
1242,fr-FR
1242,de-DE
1242,ko-KR
1242,es-ES
1242,ja-JP
1243,de-DE
1244,fr-FR
1244,ja-JP
1244,de-DE
1244,es-ES
1244,ko-KR
1245,ko-KR
1245,de-DE
1245,ja-JP
1245,fr-FR
1246,ja-JP
1246,es-ES
1246,de-DE
1246,fr-FR
1246,ko-KR
1247,fr-FR
1247,ja-JP
1247,de-DE
1247,es-ES
1248,fr-FR
1248,de-DE
1248,es-ES
1249,es-ES
1249,fr-FR
1249,de-DE
1249,ja-JP
1250,es-ES
1250,fr-FR
1250,ja-JP
1251,nl-NL
1252,es-ES
1252,de-DE
1252,ja-JP
1252,fr-FR
1253,de-DE
1253,fr-FR
1254,es-ES
1255,es-ES
1255,de-DE
1256,zh-CN
1256,de-DE
1256,fr-FR
1257,nl-NL
1257,pl-PL
1257,it-IT
1258,zh-CN
1258,de-DE
1258,fr-FR
1259,fr-FR
1259,de-DE
1259,es-ES
1259,ja-JP
1260,de-DE
1261,de-DE
1261,es-ES
1261,zh-CN
1262,de-DE
1262,es-ES
1263,de-DE
1263,pl-PL
1264,it-IT
1264,fr-FR
1264,de-DE
1264,nl-NL
1264,pl-PL
1264,es-ES
1265,es-ES
1265,ja-JP
1265,de-DE
1266,es-ES
1266,fr-FR
1266,ja-JP
1266,ko-KR
1266,de-DE
1267,ja-JP
1267,es-ES
1268,fr-FR
1268,es-ES
1268,ja-JP
1268,de-DE
1269,fr-FR
1269,ja-JP
1270,nl-NL
1270,de-DE
1270,it-IT
1270,es-ES
1270,pl-PL
1271,fr-FR
1272,zh-CN
1272,de-DE
1272,fr-FR
1273,de-DE
1273,ja-JP
1273,es-ES
1273,ko-KR
1273,fr-FR
1274,ja-JP
1274,de-DE
1274,es-ES
1275,de-DE
1275,zh-CN
1276,es-ES
1277,de-DE
1277,zh-CN
1277,fr-FR
1278,es-ES
1278,ja-JP
1278,fr-FR
1278,de-DE
1279,fr-FR
1280,pl-PL
1280,fr-FR
1280,de-DE
1280,it-IT
1280,es-ES
1281,fr-FR
1282,ja-JP
1282,es-ES
1282,zh-CN
1282,de-DE
1282,fr-FR
1283,de-DE
1283,zh-CN
1283,fr-FR
1284,fr-FR
1284,ja-JP
1284,es-ES
1285,zh-CN
1285,de-DE
1286,es-ES
1286,zh-CN
1287,es-ES
1288,fr-FR
1289,de-DE
1289,zh-CN
1290,de-DE
1290,fr-FR
1290,nl-NL
1290,it-IT
1291,es-ES
1291,ja-JP
1291,de-DE
1292,fr-FR
1292,zh-CN
1292,de-DE
1293,fr-FR
1294,fr-FR
1294,de-DE
1294,es-ES
1294,pl-PL
1294,it-IT
1294,nl-NL
1295,es-ES
1295,ja-JP
1295,de-DE
1295,fr-FR
1296,zh-CN
1297,it-IT
1297,nl-NL
1297,es-ES
1297,pl-PL
1297,fr-FR
1297,de-DE
1298,de-DE
1298,fr-FR
1298,zh-CN
1298,es-ES
1298,ja-JP
1299,es-ES
1299,de-DE
1299,fr-FR
1299,pl-PL
1299,it-IT
1299,nl-NL
1300,ja-JP
1300,es-ES
1300,ko-KR
1301,ja-JP
1301,zh-CN
1301,fr-FR
1301,es-ES
1302,ja-JP
1302,ko-KR
1302,es-ES
1303,de-DE
1303,fr-FR
1303,zh-CN
1304,ja-JP
1305,fr-FR
1305,de-DE
1305,it-IT
1305,pl-PL
1305,nl-NL
1305,es-ES
1306,de-DE
1306,ja-JP
1307,ja-JP
1307,de-DE
1308,zh-CN
1308,de-DE
1308,ja-JP
1308,fr-FR
1308,es-ES
1309,ja-JP
1309,de-DE
1309,es-ES
1310,ko-KR
1310,ja-JP
1310,de-DE
1310,fr-FR
1311,es-ES
1311,de-DE
1311,pl-PL
1311,nl-NL
1311,it-IT
1312,ja-JP
1312,de-DE
1312,es-ES
1313,fr-FR
1313,de-DE
1313,zh-CN
1314,es-ES
1314,de-DE
1314,ja-JP
1315,de-DE
1315,fr-FR
1315,ko-KR
1315,es-ES
1315,ja-JP
1316,de-DE
1316,ja-JP
1317,es-ES
1317,de-DE
1317,ko-KR
1317,ja-JP
1317,fr-FR
1318,zh-CN
1318,fr-FR
1318,de-DE
1319,fr-FR
1320,fr-FR
1320,de-DE
1320,es-ES
1320,ja-JP
1321,fr-FR
1322,zh-CN
1322,fr-FR
1322,de-DE
1323,de-DE
1323,es-ES
1324,ko-KR
1324,ja-JP
1324,fr-FR
1324,de-DE
1324,es-ES
1325,ja-JP
1325,es-ES
1326,es-ES
1326,ja-JP
1326,fr-FR
1326,de-DE
1326,ko-KR
1327,fr-FR
1328,de-DE
1328,fr-FR
1328,ja-JP
1329,zh-CN
1329,de-DE
1329,es-ES
1329,fr-FR
1329,ja-JP
1330,es-ES
1330,de-DE
1330,ja-JP
1330,fr-FR
1331,de-DE
1331,zh-CN
1331,fr-FR
1332,es-ES
1332,ja-JP
1332,zh-CN
1333,fr-FR
1333,de-DE
1334,de-DE
1334,fr-FR
1335,zh-CN
1335,ja-JP
1335,es-ES
1335,de-DE
1336,fr-FR
1336,ja-JP
1337,fr-FR
1337,es-ES
1337,ja-JP
1337,ko-KR
1337,de-DE
1338,de-DE
1339,nl-NL
1339,fr-FR
1339,pl-PL
1339,it-IT
1339,es-ES
1339,de-DE
1340,it-IT
1340,pl-PL
1340,fr-FR
1340,es-ES
1341,zh-CN
1341,es-ES
1341,ja-JP
1341,de-DE
1341,fr-FR
1342,ja-JP
1343,de-DE
1343,es-ES
1343,zh-CN
1343,ja-JP
1343,fr-FR
1344,fr-FR
1344,ja-JP
1344,de-DE
1344,es-ES
1345,de-DE
1345,zh-CN
1345,fr-FR
1346,ja-JP
1347,fr-FR
1347,de-DE
1347,ja-JP
1347,es-ES
1348,zh-CN
1348,fr-FR
1348,de-DE
1349,it-IT
1350,ja-JP
1350,fr-FR
1350,de-DE
1351,nl-NL
1351,de-DE
1351,pl-PL
1351,it-IT
1351,es-ES
1351,fr-FR
1352,de-DE
1352,es-ES
1352,zh-CN
1353,es-ES
1353,nl-NL
1353,pl-PL
1353,de-DE
1354,es-ES
1355,fr-FR
1355,de-DE
1355,zh-CN
1356,es-ES
1356,fr-FR
1356,ko-KR
1357,zh-CN
1357,de-DE
1358,ja-JP
1358,es-ES
1358,de-DE
1359,es-ES
1359,fr-FR
1360,de-DE
1361,ja-JP
1361,de-DE
1362,de-DE
1362,ja-JP
1362,es-ES
1362,ko-KR
1362,fr-FR
1363,de-DE
1364,es-ES
1364,de-DE
1364,ja-JP
1364,fr-FR
1365,de-DE
1365,zh-CN
1365,fr-FR
1366,fr-FR
1366,zh-CN
1366,de-DE
1367,ja-JP
1367,de-DE
1367,fr-FR
1368,ja-JP
1369,fr-FR
1369,zh-CN
1369,de-DE
1370,nl-NL
1371,ja-JP
1371,es-ES
1371,zh-CN
1371,fr-FR
1371,de-DE
1372,nl-NL
1372,it-IT
1372,es-ES
1373,pl-PL
1373,de-DE
1373,es-ES
1374,fr-FR
1374,zh-CN
1374,de-DE
1375,de-DE
1375,nl-NL
1375,it-IT
1375,fr-FR
1376,es-ES
1376,fr-FR
1376,zh-CN
1376,ja-JP
1376,de-DE
1377,zh-CN
1377,ja-JP
1377,es-ES
1378,zh-CN
1378,ja-JP
1378,es-ES
1378,de-DE
1378,fr-FR
1379,zh-CN
1379,ja-JP
1379,es-ES
1380,it-IT
1380,nl-NL
1380,de-DE
1380,fr-FR
1380,pl-PL
1380,es-ES
1381,de-DE
1381,fr-FR
1381,zh-CN
1382,es-ES
1383,ja-JP
1383,de-DE
1383,fr-FR
1384,fr-FR
1384,de-DE
1384,es-ES
1384,ja-JP
1385,ja-JP
1385,de-DE
1385,fr-FR
1386,fr-FR
1386,zh-CN
1386,de-DE
1387,de-DE
1387,fr-FR
1388,de-DE
1389,de-DE
1389,pl-PL
1389,nl-NL
1389,fr-FR
1389,it-IT
1389,es-ES
1390,de-DE
1390,fr-FR
1390,zh-CN
1391,de-DE
1391,zh-CN
1392,zh-CN
1392,fr-FR
1392,de-DE
1393,es-ES
1393,de-DE
1394,de-DE
1394,es-ES
1394,ko-KR
1395,de-DE
1395,ja-JP
1395,fr-FR
1395,es-ES
1396,de-DE
1396,fr-FR
1396,ja-JP
1396,es-ES
1397,es-ES
1398,zh-CN
1398,de-DE
1398,fr-FR
1399,fr-FR
1400,fr-FR
1400,zh-CN
1400,es-ES
1401,ja-JP
1402,pl-PL
1402,nl-NL
1402,es-ES
1402,de-DE
1402,fr-FR
1403,nl-NL
1403,de-DE
1403,it-IT
1403,pl-PL
1404,de-DE
1404,zh-CN
1404,fr-FR
1405,de-DE
1406,fr-FR
1406,es-ES
1407,de-DE
1407,pl-PL
1408,de-DE
1408,nl-NL
1408,es-ES
1408,pl-PL
1408,fr-FR
1408,it-IT
1409,de-DE
1409,zh-CN
1409,es-ES
1409,fr-FR
1409,ja-JP
1410,de-DE
1410,ja-JP
1410,es-ES
1410,fr-FR
1411,de-DE
1411,ja-JP
1411,fr-FR
1411,es-ES
1412,fr-FR
1412,ja-JP
1412,es-ES
1413,es-ES
1413,ja-JP
1414,zh-CN
1415,fr-FR
1415,de-DE
1416,zh-CN
1416,fr-FR
1416,de-DE
1417,es-ES
1417,fr-FR
1417,de-DE
1417,ja-JP
1418,ja-JP
1418,fr-FR
1418,es-ES
1419,ja-JP
1419,fr-FR
1419,de-DE
1420,de-DE
1421,zh-CN
1421,fr-FR
1421,es-ES
1421,de-DE
1421,ja-JP
1422,zh-CN
1422,fr-FR
1422,de-DE
1423,fr-FR
1423,ja-JP
1423,de-DE
1423,ko-KR
1424,de-DE
1424,fr-FR
1424,zh-CN
1425,fr-FR
1425,ko-KR
1425,es-ES
1425,ja-JP
1425,de-DE
1426,de-DE
1426,fr-FR
1426,zh-CN
1427,de-DE
1427,es-ES
1427,ja-JP
1427,fr-FR
1428,fr-FR
1428,de-DE
1428,zh-CN
1429,zh-CN
1429,de-DE
1429,fr-FR
1430,es-ES
1430,fr-FR
1430,it-IT
1430,de-DE
1430,nl-NL
1431,ja-JP
1432,es-ES
1432,pl-PL
1432,fr-FR
1433,fr-FR
1433,ja-JP
1433,es-ES
1433,de-DE
1434,fr-FR
1435,de-DE
1436,fr-FR
1437,ja-JP
1437,de-DE
1437,es-ES
1437,zh-CN
1437,fr-FR
1438,de-DE
1439,pl-PL
1439,nl-NL
1439,fr-FR
1439,it-IT
1439,de-DE
1440,de-DE
1440,ja-JP
1440,fr-FR
1440,es-ES
1440,ko-KR
1441,de-DE
1441,zh-CN
1441,fr-FR
1442,de-DE
1442,ja-JP
1442,es-ES
1442,ko-KR
1442,fr-FR
1443,ko-KR
1443,ja-JP
1444,de-DE
1444,fr-FR
1444,zh-CN
1445,it-IT
1445,de-DE
1445,pl-PL
1445,fr-FR
1445,es-ES
1445,nl-NL
1446,fr-FR
1446,es-ES
1447,de-DE
1447,zh-CN
1447,ja-JP
1447,es-ES
1448,ja-JP
1448,es-ES
1449,ja-JP
1449,fr-FR
1449,es-ES
1450,de-DE
1450,ko-KR
1450,fr-FR
1450,ja-JP
1450,es-ES
1451,de-DE
1451,es-ES
1451,ko-KR
1451,fr-FR
1451,ja-JP
1452,es-ES
1452,ja-JP
1453,zh-CN
1453,de-DE
1453,es-ES
1453,ja-JP
1453,fr-FR
1454,fr-FR
1454,de-DE
1454,ja-JP
1454,es-ES
1455,ko-KR
1455,de-DE
1455,fr-FR
1455,ja-JP
1455,es-ES
1456,zh-CN
1456,fr-FR
1456,de-DE
1457,es-ES
1457,fr-FR
1457,pl-PL
1457,nl-NL
1458,de-DE
1459,de-DE
1460,de-DE
1460,ja-JP
1461,fr-FR
1461,ja-JP
1462,es-ES
1462,it-IT
1462,pl-PL
1462,fr-FR
1462,nl-NL
1462,de-DE
1463,fr-FR
1463,de-DE
1463,zh-CN
1464,de-DE
1464,fr-FR
1464,ja-JP
1464,es-ES
1465,fr-FR
1465,zh-CN
1465,de-DE
1466,ja-JP
1467,fr-FR
1467,es-ES
1467,ko-KR
1468,fr-FR
1468,zh-CN
1468,de-DE
1469,ja-JP
1469,fr-FR
1470,de-DE
1471,es-ES
1472,ja-JP
1472,es-ES
1472,fr-FR
1472,de-DE
1473,fr-FR
1474,zh-CN
1474,fr-FR
1474,de-DE
1475,de-DE
1475,zh-CN
1475,fr-FR
1476,es-ES
1476,de-DE
1477,fr-FR
1477,ja-JP
1477,es-ES
1477,de-DE
1478,pl-PL
1478,it-IT
1478,es-ES
1478,nl-NL
1478,de-DE
1478,fr-FR
1479,de-DE
1479,zh-CN
1479,fr-FR
1480,fr-FR
1480,ja-JP
1480,de-DE
1480,es-ES
1481,es-ES
1481,fr-FR
1481,ja-JP
1482,it-IT
1482,es-ES
1482,pl-PL
1483,ja-JP
1483,es-ES
1484,pl-PL
1484,es-ES
1485,ja-JP
1485,fr-FR
1485,es-ES
1485,de-DE
1485,zh-CN
1486,de-DE
1486,es-ES
1486,ja-JP
1487,ja-JP
1487,fr-FR
1487,es-ES
1488,de-DE
1488,es-ES
1488,fr-FR
1488,ja-JP
1488,zh-CN
1489,es-ES
1489,fr-FR
1489,ja-JP
1489,de-DE
1490,es-ES
1490,it-IT
1490,de-DE
1490,pl-PL
1490,fr-FR
1490,nl-NL
1491,de-DE
1491,zh-CN
1491,fr-FR
1492,nl-NL
1493,ja-JP
1493,fr-FR
1493,de-DE
1493,es-ES
1494,de-DE
1495,ja-JP
1495,de-DE
1495,es-ES
1495,fr-FR
1496,es-ES
1496,ja-JP
1496,de-DE
1496,fr-FR
1497,fr-FR
1497,pl-PL
1497,nl-NL
1498,ja-JP
1498,fr-FR
1499,ko-KR
1499,es-ES
1499,de-DE
1499,fr-FR
1499,ja-JP
1500,fr-FR
1500,zh-CN
1500,de-DE
1500,ja-JP
1501,de-DE
1502,fr-FR
1503,es-ES
1503,fr-FR
1503,de-DE
1503,ja-JP
1504,fr-FR
1504,es-ES
1504,pl-PL
1505,es-ES
1505,fr-FR
1506,de-DE
1506,es-ES
1506,fr-FR
1507,fr-FR
1507,de-DE
1507,ja-JP
1507,es-ES
1508,es-ES
1508,ja-JP
1508,ko-KR
1508,de-DE
1508,fr-FR
1509,nl-NL
1509,pl-PL
1509,it-IT
1509,de-DE
1509,fr-FR
1509,es-ES
1510,fr-FR
1510,de-DE
1510,zh-CN
1511,ja-JP
1511,de-DE
1511,es-ES
1511,ko-KR
1511,fr-FR
1512,de-DE
1512,ko-KR
1512,es-ES
1512,ja-JP
1512,fr-FR
1513,fr-FR
1513,zh-CN
1513,es-ES
1513,de-DE
1513,ja-JP
1514,fr-FR
1514,ko-KR
1514,ja-JP
1514,de-DE
1514,es-ES
1515,de-DE
1515,fr-FR
1515,zh-CN
1516,fr-FR
1516,es-ES
1516,de-DE
1517,es-ES
1517,fr-FR
1517,ja-JP
1517,de-DE
1518,fr-FR
1518,de-DE
1518,nl-NL
1518,pl-PL
1518,es-ES
1519,zh-CN
1519,ja-JP
1519,de-DE
1519,es-ES
1519,fr-FR
1520,es-ES
1520,de-DE
1520,zh-CN
1520,ja-JP
1520,fr-FR
1521,fr-FR
1522,pl-PL
1522,it-IT
1522,fr-FR
1522,es-ES
1523,es-ES
1523,de-DE
1523,ja-JP
1523,fr-FR
1524,de-DE
1524,ja-JP
1524,es-ES
1525,fr-FR
1526,fr-FR
1526,it-IT
1526,nl-NL
1527,fr-FR
1527,ja-JP
1527,es-ES
1527,de-DE
1528,fr-FR
1528,de-DE
1528,ja-JP
1528,es-ES
1528,zh-CN
1529,fr-FR
1529,zh-CN
1529,es-ES
1529,ja-JP
1530,fr-FR
1530,pl-PL
1530,nl-NL
1531,it-IT
1531,pl-PL
1531,es-ES
1531,de-DE
1531,nl-NL
1531,fr-FR
1532,fr-FR
1532,es-ES
1532,de-DE
1532,zh-CN
1533,ja-JP
1533,fr-FR
1533,de-DE
1533,es-ES
1534,ja-JP
1534,fr-FR
1534,de-DE
1534,zh-CN
1534,es-ES
1535,zh-CN
1535,de-DE
1535,fr-FR
1536,de-DE
1536,fr-FR
1536,zh-CN
1537,fr-FR
1537,zh-CN
1538,fr-FR
1539,de-DE
1539,fr-FR
1539,zh-CN
1540,ja-JP
1540,de-DE
1540,fr-FR
1540,es-ES
1540,ko-KR
1541,fr-FR
1541,zh-CN
1541,ja-JP
1541,de-DE
1541,es-ES
1542,fr-FR
1542,es-ES
1542,ko-KR
1543,zh-CN
1543,de-DE
1543,fr-FR
1544,es-ES
1544,fr-FR
1544,ja-JP
1544,de-DE
1545,ja-JP
1546,es-ES
1546,zh-CN
1546,de-DE
1546,ja-JP
1547,fr-FR
1547,nl-NL
1547,pl-PL
1547,de-DE
1547,it-IT
1547,es-ES
1548,ja-JP
1548,es-ES
1548,de-DE
1548,fr-FR
1549,ja-JP
1549,ko-KR
1549,es-ES
1550,ko-KR
1550,de-DE
1550,fr-FR
1550,ja-JP
1550,es-ES
1551,de-DE
1551,zh-CN
1551,fr-FR
1552,es-ES
1552,zh-CN
1552,de-DE
1552,ja-JP
1552,fr-FR
1553,de-DE
1553,ja-JP
1554,de-DE
1555,ja-JP
1555,de-DE
1555,es-ES
1555,fr-FR
1556,de-DE
1556,pl-PL
1556,es-ES
1556,fr-FR
1557,ko-KR
1557,de-DE
1557,ja-JP
1557,es-ES
1558,fr-FR
1558,ja-JP
1558,es-ES
1558,de-DE
1558,zh-CN
1559,es-ES
1560,ko-KR
1561,ja-JP
1562,pl-PL
1562,nl-NL
1562,fr-FR
1563,es-ES
1563,nl-NL
1563,pl-PL
1563,de-DE
1563,it-IT
1563,fr-FR
1564,es-ES
1564,ja-JP
1564,de-DE
1564,fr-FR
1565,es-ES
1566,fr-FR
1566,es-ES
1566,pl-PL
1566,de-DE
1566,it-IT
1566,nl-NL
1567,nl-NL
1567,pl-PL
1567,it-IT
1567,de-DE
1567,es-ES
1567,fr-FR
1568,fr-FR
1568,de-DE
1568,es-ES
1568,zh-CN
1569,ja-JP
1569,ko-KR
1569,fr-FR
1570,de-DE
1570,nl-NL
1570,fr-FR
1570,it-IT
1571,de-DE
1571,ko-KR
1572,de-DE
1572,es-ES
1572,ja-JP
1572,fr-FR
1573,fr-FR
1573,ja-JP
1573,ko-KR
1573,es-ES
1573,de-DE
1574,de-DE
1574,zh-CN
1574,fr-FR
1575,ja-JP
1575,de-DE
1575,es-ES
1575,fr-FR
1576,es-ES
1576,nl-NL
1576,fr-FR
1576,de-DE
1577,de-DE
1578,de-DE
1578,es-ES
1578,zh-CN
1578,fr-FR
1578,ja-JP
1579,ja-JP
1579,de-DE
1579,fr-FR
1580,pl-PL
1580,es-ES
1580,fr-FR
1580,de-DE
1580,nl-NL
1580,it-IT
1581,zh-CN
1581,fr-FR
1582,zh-CN
1582,de-DE
1582,fr-FR
1583,ja-JP
1583,zh-CN
1583,de-DE
1584,de-DE
1584,es-ES
1584,fr-FR
1585,pl-PL
1585,de-DE
1585,fr-FR
1586,ja-JP
1586,zh-CN
1587,ja-JP
1587,es-ES
1587,de-DE
1587,fr-FR
1588,de-DE
1588,es-ES
1589,ja-JP
1589,es-ES
1589,de-DE
1589,fr-FR
1590,fr-FR
1590,ja-JP
1590,ko-KR
1590,es-ES
1591,fr-FR
1591,de-DE
1591,ko-KR
1591,es-ES
1591,ja-JP
1592,fr-FR
1592,de-DE
1592,es-ES
1592,ko-KR
1592,ja-JP
1593,nl-NL
1593,it-IT
1594,de-DE
1595,fr-FR
1595,es-ES
1595,ja-JP
1596,de-DE
1596,fr-FR
1596,es-ES
1597,ko-KR
1597,ja-JP
1597,de-DE
1597,fr-FR
1598,de-DE
1598,zh-CN
1599,de-DE
1599,zh-CN
1599,fr-FR
1600,es-ES
1600,ja-JP
1600,de-DE
1600,fr-FR
1601,it-IT
1601,pl-PL
1601,de-DE
1601,fr-FR
1601,es-ES
1601,nl-NL
1602,it-IT
1603,ja-JP
1603,es-ES
1604,es-ES
1604,ja-JP
1604,fr-FR
1604,ko-KR
1604,de-DE
1605,fr-FR
1605,nl-NL
1605,pl-PL
1605,es-ES
1605,de-DE
1605,it-IT
1606,it-IT
1606,pl-PL
1607,zh-CN
1607,es-ES
1607,de-DE
1607,ja-JP
1608,de-DE
1608,zh-CN
1608,fr-FR
1609,es-ES
1609,zh-CN
1609,de-DE
1610,de-DE
1611,fr-FR
1611,es-ES
1611,ja-JP
1611,de-DE
1612,es-ES
1613,de-DE
1613,fr-FR
1613,zh-CN
1614,zh-CN
1614,fr-FR
1615,de-DE
1615,fr-FR
1615,zh-CN
1616,zh-CN
1616,de-DE
1616,fr-FR
1617,zh-CN
1617,de-DE
1618,fr-FR
1618,ja-JP
1618,de-DE
1618,es-ES
1619,es-ES
1619,fr-FR
1619,nl-NL
1620,de-DE
1620,fr-FR
1620,zh-CN
1621,fr-FR
1621,zh-CN
1622,zh-CN
1622,de-DE
1622,fr-FR
1622,es-ES
1623,fr-FR
1623,zh-CN
1623,de-DE
1624,fr-FR
1624,es-ES
1624,de-DE
1624,ko-KR
1624,ja-JP
1625,pl-PL
1625,de-DE
1625,nl-NL
1625,it-IT
1625,fr-FR
1625,es-ES
1626,fr-FR
1626,ja-JP
1626,de-DE
1627,ja-JP
1627,de-DE
1627,es-ES
1627,fr-FR
1628,fr-FR
1628,de-DE
1628,ja-JP
1628,es-ES
1629,ja-JP
1629,fr-FR
1630,es-ES
1630,fr-FR
1631,fr-FR
1631,ja-JP
1631,zh-CN
1631,de-DE
1632,zh-CN
1632,fr-FR
1632,de-DE
1633,zh-CN
1633,de-DE
1633,fr-FR
1634,fr-FR
1634,de-DE
1634,ja-JP
1635,zh-CN
1635,de-DE
1635,es-ES
1635,ja-JP
1635,fr-FR
1636,es-ES
1636,ko-KR
1636,de-DE
1637,fr-FR
1637,zh-CN
1637,de-DE
1638,zh-CN
1639,es-ES
1639,de-DE
1639,fr-FR
1639,ja-JP
1640,es-ES
1640,ko-KR
1640,fr-FR
1640,de-DE
1640,ja-JP
1641,es-ES
1642,ja-JP
1642,es-ES
1643,zh-CN
1643,fr-FR
1643,de-DE
1644,de-DE
1644,fr-FR
1644,pl-PL
1644,it-IT
1644,nl-NL
1644,es-ES
1645,de-DE
1645,zh-CN
1645,fr-FR
1646,de-DE
1646,fr-FR
1646,ja-JP
1646,es-ES
1647,nl-NL
1648,es-ES
1648,ja-JP
1648,de-DE
1648,fr-FR
1649,pl-PL
1649,de-DE
1650,fr-FR
1650,de-DE
1650,zh-CN
1651,fr-FR
1651,de-DE
1651,es-ES
1651,ja-JP
1652,pl-PL
1653,de-DE
1653,ja-JP
1654,ja-JP
1654,de-DE
1654,es-ES
1655,de-DE
1655,zh-CN
1655,ja-JP
1655,es-ES
1656,de-DE
1656,fr-FR
1656,zh-CN
1657,zh-CN
1657,de-DE
1658,zh-CN
1658,es-ES
1658,ja-JP
1658,de-DE
1658,fr-FR
1659,pl-PL
1659,it-IT
1659,nl-NL
1659,de-DE
1660,it-IT
1660,fr-FR
1661,zh-CN
1661,de-DE
1662,es-ES
1662,ko-KR
1663,fr-FR
1663,it-IT
1664,fr-FR
1664,ja-JP
1665,pl-PL
1665,nl-NL
1665,de-DE
1665,fr-FR
1665,es-ES
1666,de-DE
1666,fr-FR
1666,es-ES
1666,ja-JP
1667,de-DE
1668,fr-FR
1668,it-IT
1668,pl-PL
1668,de-DE
1668,es-ES
1669,fr-FR
1669,de-DE
1669,zh-CN
1670,de-DE
1670,pl-PL
1671,ja-JP
1671,fr-FR
1671,es-ES
1672,de-DE
1672,nl-NL
1672,it-IT
1672,fr-FR
1672,es-ES
1672,pl-PL
1673,es-ES
1674,es-ES
1674,ja-JP
1674,de-DE
1674,fr-FR
1675,de-DE
1675,fr-FR
1675,zh-CN
1676,fr-FR
1677,fr-FR
1677,de-DE
1678,ja-JP
1678,es-ES
1678,zh-CN
1678,fr-FR
1678,de-DE
1679,fr-FR
1679,de-DE
1679,zh-CN
1680,fr-FR
1680,es-ES
1680,de-DE
1680,ja-JP
1681,fr-FR
1682,ja-JP
1682,de-DE
1682,fr-FR
1682,es-ES
1683,nl-NL
1683,fr-FR
1683,it-IT
1683,es-ES
1683,pl-PL
1683,de-DE
1684,ja-JP
1684,ko-KR
1684,es-ES
1684,de-DE
1685,de-DE
1685,fr-FR
1685,ja-JP
1685,zh-CN
1685,es-ES
1686,ja-JP
1687,zh-CN
1688,ja-JP
1688,es-ES
1688,de-DE
1688,fr-FR
1688,ko-KR
1689,zh-CN
1689,es-ES
1689,de-DE
1689,ja-JP
1689,fr-FR
1690,zh-CN
1690,de-DE
1690,fr-FR
1691,ko-KR
1691,fr-FR
1692,ja-JP
1692,de-DE
1692,fr-FR
1692,es-ES
1693,de-DE
1693,ja-JP
1693,ko-KR
1693,fr-FR
1693,es-ES
1694,ja-JP
1695,es-ES
1695,it-IT
1696,fr-FR
1696,de-DE
1696,zh-CN
1697,ja-JP
1697,de-DE
1697,zh-CN
1698,de-DE
1698,fr-FR
1698,ja-JP
1698,es-ES
1699,de-DE
1699,es-ES
1699,fr-FR
1700,de-DE
1700,ja-JP
1700,fr-FR
1700,ko-KR
1700,es-ES
1701,pl-PL
1701,fr-FR
1701,it-IT
1701,es-ES
1701,de-DE
1702,zh-CN
1702,de-DE
1702,fr-FR
1703,ja-JP
1703,de-DE
1704,zh-CN
1705,fr-FR
1705,de-DE
1705,zh-CN
1706,ja-JP
1706,fr-FR
1706,de-DE
1706,es-ES
1707,de-DE
1707,fr-FR
1707,pl-PL
1708,es-ES
1708,de-DE
1708,ja-JP
1708,fr-FR
1709,de-DE
1709,zh-CN
1709,fr-FR
1710,de-DE
1710,fr-FR
1710,ja-JP
1711,es-ES
1711,zh-CN
1711,ja-JP
1712,fr-FR
1712,es-ES
1712,ja-JP
1713,es-ES
1713,de-DE
1713,ja-JP
1714,de-DE
1714,zh-CN
1714,fr-FR
1715,it-IT
1715,es-ES
1715,de-DE
1715,pl-PL
1715,fr-FR
1715,nl-NL
1716,ja-JP
1716,de-DE
1716,es-ES
1716,fr-FR
1717,zh-CN
1717,es-ES
1717,fr-FR
1717,ja-JP
1718,de-DE
1718,ja-JP
1718,zh-CN
1719,fr-FR
1719,de-DE
1720,es-ES
1720,de-DE
1720,ko-KR
1721,de-DE
1722,ja-JP
1722,es-ES
1722,fr-FR
1723,fr-FR
1723,zh-CN
1723,de-DE
1724,fr-FR
1724,de-DE
1724,zh-CN
1724,ja-JP
1724,es-ES
1725,fr-FR
1725,ko-KR
1726,fr-FR
1726,es-ES
1726,de-DE
1726,ko-KR
1727,ja-JP
1727,fr-FR
1727,de-DE
1727,es-ES
1728,ko-KR
1728,fr-FR
1728,es-ES
1729,zh-CN
1730,es-ES
1730,ja-JP
1730,de-DE
1731,fr-FR
1731,zh-CN
1731,es-ES
1731,de-DE
1732,ko-KR
1732,es-ES
1733,ja-JP
1733,fr-FR
1734,fr-FR
1734,ja-JP
1734,de-DE
1734,ko-KR
1734,es-ES
1735,fr-FR
1735,ja-JP
1735,es-ES
1736,ja-JP
1736,de-DE
1736,fr-FR
1736,es-ES
1737,ja-JP
1737,de-DE
1738,de-DE
1738,fr-FR
1738,ja-JP
1738,ko-KR
1738,es-ES
1739,fr-FR
1739,de-DE
1739,ja-JP
1740,de-DE
1740,nl-NL
1741,de-DE
1741,fr-FR
1741,es-ES
1741,ja-JP
1741,zh-CN
1742,fr-FR
1742,zh-CN
1743,ja-JP
1743,ko-KR
1743,de-DE
1743,es-ES
1743,fr-FR
1744,fr-FR
1745,fr-FR
1745,de-DE
1745,es-ES
1745,ko-KR
1745,ja-JP
1746,fr-FR
1747,nl-NL
1747,es-ES
1748,de-DE
1748,fr-FR
1748,ja-JP
1748,es-ES
1749,pl-PL
1749,es-ES
1749,fr-FR
1750,nl-NL
1750,it-IT
1750,de-DE
1750,fr-FR
1750,es-ES
1750,pl-PL
1751,fr-FR
1751,it-IT
1752,de-DE
1752,fr-FR
1753,ja-JP
1753,fr-FR
1753,de-DE
1753,ko-KR
1753,es-ES
1754,fr-FR
1754,ja-JP
1754,es-ES
1754,ko-KR
1754,de-DE
1755,ja-JP
1755,zh-CN
1756,ja-JP
1756,fr-FR
1756,de-DE
1756,es-ES
1757,de-DE
1757,nl-NL
1757,it-IT
1757,fr-FR
1758,it-IT
1758,fr-FR
1758,es-ES
1758,de-DE
1758,nl-NL
1759,ja-JP
1759,es-ES
1759,de-DE
1759,zh-CN
1760,de-DE
1761,ko-KR
1761,es-ES
1761,fr-FR
1761,ja-JP
1761,de-DE
1762,ja-JP
1762,ko-KR
1762,fr-FR
1763,de-DE
1763,ja-JP
1763,es-ES
1763,fr-FR
1764,de-DE
1764,fr-FR
1765,fr-FR
1766,fr-FR
1766,de-DE
1766,es-ES
1767,es-ES
1767,fr-FR
1767,de-DE
1767,ja-JP
1768,es-ES
1768,fr-FR
1768,zh-CN
1768,de-DE
1769,zh-CN
1769,fr-FR
1769,de-DE
1770,es-ES
1771,nl-NL
1771,fr-FR
1771,pl-PL
1771,de-DE
1772,zh-CN
1772,es-ES
1772,ja-JP
1772,fr-FR
1772,de-DE
1773,es-ES
1773,de-DE
1773,fr-FR
1773,ja-JP
1774,fr-FR
1774,ko-KR
1774,ja-JP
1774,de-DE
1775,fr-FR
1776,es-ES
1776,ja-JP
1776,fr-FR
1777,fr-FR
1777,ja-JP
1777,de-DE
1777,es-ES
1778,es-ES
1778,ja-JP
1778,de-DE
1778,fr-FR
1779,ja-JP
1779,es-ES
1779,ko-KR
1779,de-DE
1779,fr-FR
1780,zh-CN
1780,ja-JP
1780,fr-FR
1780,de-DE
1780,es-ES
1781,fr-FR
1782,nl-NL
1782,fr-FR
1782,de-DE
1782,pl-PL
1782,es-ES
1782,it-IT
1783,fr-FR
1783,ja-JP
1784,es-ES
1785,zh-CN
1786,de-DE
1786,fr-FR
1786,ja-JP
1786,es-ES
1786,zh-CN
1787,es-ES
1788,ja-JP
1788,fr-FR
1788,es-ES
1788,ko-KR
1788,de-DE
1789,es-ES
1789,ja-JP
1789,fr-FR
1789,zh-CN
1790,ja-JP
1790,zh-CN
1790,es-ES
1790,de-DE
1790,fr-FR
1791,fr-FR
1791,es-ES
1791,ja-JP
1791,de-DE
1791,ko-KR
1792,fr-FR
1792,ja-JP
1792,es-ES
1792,de-DE
1793,fr-FR
1793,zh-CN
1793,de-DE
1794,pl-PL
1794,fr-FR
1794,it-IT
1794,nl-NL
1794,de-DE
1795,de-DE
1795,es-ES
1795,fr-FR
1795,ko-KR
1795,ja-JP
1796,es-ES
1796,de-DE
1797,pl-PL
1797,es-ES
1797,fr-FR
1797,de-DE
1797,it-IT
1797,nl-NL
1798,fr-FR
1799,fr-FR
1799,ja-JP
1799,zh-CN
1799,es-ES
1799,de-DE
1800,pl-PL
1800,es-ES
1800,de-DE
1800,fr-FR
1800,it-IT
1800,nl-NL
1801,fr-FR
1801,ja-JP
1801,es-ES
1801,de-DE
1801,ko-KR
1802,nl-NL
1802,de-DE
1802,fr-FR
1802,es-ES
1802,pl-PL
1803,ja-JP
1803,de-DE
1803,zh-CN
1803,es-ES
1804,ja-JP
1805,es-ES
1805,zh-CN
1805,de-DE
1805,ja-JP
1805,fr-FR
1806,de-DE
1806,ja-JP
1806,zh-CN
1806,fr-FR
1806,es-ES
1807,pl-PL
1807,fr-FR
1807,de-DE
1807,it-IT
1807,es-ES
1808,es-ES
1808,nl-NL
1808,fr-FR
1809,fr-FR
1809,es-ES
1810,ja-JP
1810,ko-KR
1810,de-DE
1811,es-ES
1811,it-IT
1812,es-ES
1812,de-DE
1812,nl-NL
1812,pl-PL
1812,it-IT
1812,fr-FR
1813,fr-FR
1813,ko-KR
1813,ja-JP
1813,es-ES
1813,de-DE
1814,fr-FR
1814,zh-CN
1815,de-DE
1815,nl-NL
1815,it-IT
1815,pl-PL
1815,es-ES
1815,fr-FR
1816,es-ES
1816,nl-NL
1816,fr-FR
1816,pl-PL
1816,it-IT
1817,es-ES
1817,fr-FR
1818,es-ES
1818,ja-JP
1818,fr-FR
1818,de-DE
1819,es-ES
1819,ko-KR
1819,de-DE
1820,zh-CN
1820,fr-FR
1821,es-ES
1822,it-IT
1822,fr-FR
1822,nl-NL
1822,pl-PL
1823,ja-JP
1823,fr-FR
1823,es-ES
1824,ja-JP
1824,es-ES
1824,de-DE
1825,ja-JP
1825,es-ES
1825,ko-KR
1825,de-DE
1825,fr-FR
1826,ja-JP
1826,fr-FR
1826,de-DE
1826,zh-CN
1826,es-ES
1827,ja-JP
1827,ko-KR
1827,fr-FR
1827,es-ES
1827,de-DE
1828,de-DE
1828,es-ES
1829,zh-CN
1829,de-DE
1829,ja-JP
1829,fr-FR
1829,es-ES
1830,zh-CN
1831,de-DE
1831,fr-FR
1831,zh-CN
1832,zh-CN
1832,fr-FR
1832,de-DE
1833,ja-JP
1833,ko-KR
1833,es-ES
1833,de-DE
1833,fr-FR
1834,ja-JP
1834,fr-FR
1834,de-DE
1834,es-ES
1835,de-DE
1835,ja-JP
1835,fr-FR
1836,de-DE
1836,es-ES
1836,fr-FR
1836,ja-JP
1836,ko-KR
1837,nl-NL
1837,it-IT
1838,es-ES
1838,de-DE
1838,ja-JP
1839,fr-FR
1839,de-DE
1839,ja-JP
1839,zh-CN
1839,es-ES
1840,ja-JP
1840,ko-KR
1840,de-DE
1840,es-ES
1841,de-DE
1841,ja-JP
1841,es-ES
1841,fr-FR
1842,ko-KR
1843,fr-FR
1844,zh-CN
1844,es-ES
1845,de-DE
1845,ja-JP
1845,fr-FR
1846,fr-FR
1847,ja-JP
1847,fr-FR
1847,de-DE
1847,es-ES
1847,zh-CN
1848,ja-JP
1848,fr-FR
1848,es-ES
1848,de-DE
1849,es-ES
1849,fr-FR
1849,de-DE
1850,de-DE
1850,es-ES
1850,zh-CN
1850,ja-JP
1850,fr-FR
1851,es-ES
1851,de-DE
1851,ja-JP
1851,fr-FR
1851,zh-CN
1852,fr-FR
1852,zh-CN
1853,it-IT
1854,nl-NL
1854,de-DE
1854,it-IT
1854,pl-PL
1854,es-ES
1854,fr-FR
1855,fr-FR
1855,pl-PL
1855,es-ES
1856,fr-FR
1856,de-DE
1857,nl-NL
1857,pl-PL
1858,de-DE
1858,zh-CN
1858,fr-FR
1859,nl-NL
1859,de-DE
1860,ja-JP
1861,fr-FR
1861,ja-JP
1861,de-DE
1861,es-ES
1862,it-IT
1862,fr-FR
1862,de-DE
1862,nl-NL
1862,pl-PL
1862,es-ES
1863,fr-FR
1864,zh-CN
1864,fr-FR
1865,es-ES
1866,nl-NL
1867,es-ES
1867,fr-FR
1867,ja-JP
1867,de-DE
1868,fr-FR
1868,ko-KR
1868,de-DE
1868,ja-JP
1868,es-ES
1869,zh-CN
1869,fr-FR
1869,de-DE
1870,ja-JP
1870,de-DE
1870,fr-FR
1871,fr-FR
1871,de-DE
1871,zh-CN
1872,zh-CN
1872,es-ES
1873,ja-JP
1873,es-ES
1873,fr-FR
1873,de-DE
1874,ja-JP
1874,fr-FR
1874,de-DE
1874,es-ES
1875,fr-FR
1875,de-DE
1875,zh-CN
1876,zh-CN
1876,fr-FR
1876,de-DE
1877,zh-CN
1878,ko-KR
1878,de-DE
1879,es-ES
1879,ja-JP
1879,de-DE
1879,ko-KR
1880,ja-JP
1880,es-ES
1880,fr-FR
1881,de-DE
1881,fr-FR
1881,es-ES
1882,de-DE
1883,nl-NL
1883,de-DE
1883,it-IT
1883,es-ES
1884,ja-JP
1885,ja-JP
1886,de-DE
1886,ja-JP
1886,fr-FR
1886,es-ES
1886,zh-CN
1887,fr-FR
1887,zh-CN
1887,de-DE
1888,es-ES
1888,zh-CN
1888,fr-FR
1889,es-ES
1889,de-DE
1889,fr-FR
1889,ko-KR
1889,ja-JP
1890,fr-FR
1890,de-DE
1890,zh-CN
1891,es-ES
1891,de-DE
1891,ja-JP
1891,zh-CN
1891,fr-FR
1892,it-IT
1892,fr-FR
1892,es-ES
1892,nl-NL
1892,pl-PL
1892,de-DE
1893,es-ES
1893,de-DE
1893,fr-FR
1893,ko-KR
1893,ja-JP
1894,es-ES
1894,ja-JP
1895,fr-FR
1895,nl-NL
1895,es-ES
1896,ja-JP
1896,es-ES
1896,ko-KR
1896,de-DE
1896,fr-FR
1897,de-DE
1897,es-ES
1897,fr-FR
1898,es-ES
1898,nl-NL
1898,fr-FR
1898,de-DE
1898,it-IT
1899,ja-JP
1899,de-DE
1900,de-DE
1900,es-ES
1900,fr-FR
1900,ja-JP
1901,zh-CN
1901,fr-FR
1901,de-DE
1902,it-IT
1902,de-DE
1902,pl-PL
1902,fr-FR
1902,es-ES
1902,nl-NL
1903,pl-PL
1903,nl-NL
1904,de-DE
1904,fr-FR
1904,zh-CN
1905,ja-JP
1905,ko-KR
1905,fr-FR
1905,es-ES
1905,de-DE
1906,fr-FR
1907,de-DE
1907,pl-PL
1907,es-ES
1907,fr-FR
1908,ko-KR
1908,de-DE
1908,es-ES
1908,ja-JP
1908,fr-FR
1909,es-ES
1909,zh-CN
1910,fr-FR
1910,de-DE
1911,de-DE
1911,fr-FR
1912,ja-JP
1912,de-DE
1912,ko-KR
1912,es-ES
1912,fr-FR
1913,es-ES
1913,de-DE
1913,fr-FR
1913,zh-CN
1913,ja-JP
1914,es-ES
1914,de-DE
1914,ja-JP
1915,ja-JP
1915,fr-FR
1916,fr-FR
1916,it-IT
1916,de-DE
1916,pl-PL
1916,es-ES
1916,nl-NL
1917,ja-JP
1917,fr-FR
1917,de-DE
1918,ja-JP
1918,de-DE
1918,es-ES
1918,fr-FR
1919,de-DE
1919,fr-FR
1919,es-ES
1919,pl-PL
1919,nl-NL
1919,it-IT
1920,es-ES
1920,de-DE
1920,ja-JP
1920,fr-FR
1921,de-DE
1921,it-IT
1921,pl-PL
1921,fr-FR
1921,nl-NL
1922,zh-CN
1923,nl-NL
1924,fr-FR
1924,es-ES
1924,ko-KR
1925,pl-PL
1925,it-IT
1925,fr-FR
1925,es-ES
1925,nl-NL
1926,fr-FR
1927,de-DE
1927,ja-JP
1927,fr-FR
1928,es-ES
1928,fr-FR
1929,es-ES
1929,fr-FR
1930,es-ES
1930,de-DE
1930,zh-CN
1930,fr-FR
1930,ja-JP
1931,fr-FR
1932,de-DE
1932,zh-CN
1932,es-ES
1933,zh-CN
1933,fr-FR
1933,de-DE
1934,es-ES
1935,es-ES
1935,pl-PL
1935,de-DE
1935,it-IT
1935,nl-NL
1936,es-ES
1936,de-DE
1937,ja-JP
1937,es-ES
1937,fr-FR
1937,de-DE
1938,ko-KR
1938,ja-JP
1938,de-DE
1938,es-ES
1938,fr-FR
1939,es-ES
1939,fr-FR
1939,zh-CN
1939,de-DE
1939,ja-JP
1940,de-DE
1940,ja-JP
1940,zh-CN
1940,fr-FR
1941,nl-NL
1942,fr-FR
1942,zh-CN
1942,es-ES
1942,de-DE
1942,ja-JP
1943,zh-CN
1943,de-DE
1943,es-ES
1944,de-DE
1944,ja-JP
1945,fr-FR
1946,ja-JP
1946,es-ES
1946,fr-FR
1947,ko-KR
1947,ja-JP
1948,fr-FR
1948,de-DE
1948,ko-KR
1948,es-ES
1948,ja-JP
1949,de-DE
1949,fr-FR
1950,es-ES
1950,ja-JP
1951,de-DE
1951,fr-FR
1951,zh-CN
1952,de-DE
1952,ja-JP
1952,fr-FR
1952,es-ES
1953,de-DE
1953,fr-FR
1954,es-ES
1954,ja-JP
1954,fr-FR
1955,es-ES
1956,fr-FR
1957,zh-CN
1957,de-DE
1957,fr-FR
1958,fr-FR
1958,de-DE
1958,es-ES
1958,ja-JP
1959,fr-FR
1959,es-ES
1959,zh-CN
1960,fr-FR
1960,de-DE
1960,es-ES
1960,ko-KR
1961,nl-NL
1961,fr-FR
1961,it-IT
1962,nl-NL
1962,it-IT
1963,nl-NL
1963,pl-PL
1963,fr-FR
1963,de-DE
1963,it-IT
1963,es-ES
1964,fr-FR
1964,ko-KR
1964,de-DE
1964,ja-JP
1964,es-ES
1965,es-ES
1965,zh-CN
1965,fr-FR
1965,de-DE
1966,ja-JP
1966,es-ES
1966,de-DE
1966,zh-CN
1966,fr-FR
1967,de-DE
1967,it-IT
1968,es-ES
1968,ja-JP
1968,de-DE
1968,ko-KR
1968,fr-FR
1969,fr-FR
1970,de-DE
1970,fr-FR
1971,ja-JP
1971,fr-FR
1972,fr-FR
1972,de-DE
1972,ja-JP
1973,nl-NL
1973,it-IT
1974,it-IT
1974,pl-PL
1974,fr-FR
1975,de-DE
1975,it-IT
1975,pl-PL
1975,nl-NL
1975,fr-FR
1976,fr-FR
1976,ja-JP
1976,es-ES
1976,de-DE
1976,ko-KR
1977,de-DE
1977,fr-FR
1978,fr-FR
1978,zh-CN
1978,de-DE
1979,ja-JP
1979,fr-FR
1979,de-DE
1979,es-ES
1980,fr-FR
1980,pl-PL
1981,fr-FR
1982,es-ES
1983,de-DE
1984,fr-FR
1984,de-DE
1984,ja-JP
1984,es-ES
1985,de-DE
1985,es-ES
1985,ko-KR
1985,ja-JP
1985,fr-FR
1986,de-DE
1987,de-DE
1988,fr-FR
1988,pl-PL
1988,it-IT
1988,de-DE
1988,nl-NL
1988,es-ES
1989,it-IT
1989,nl-NL
1989,de-DE
1990,ja-JP
1990,fr-FR
1990,zh-CN
1990,de-DE
1990,es-ES
1991,ko-KR
1991,ja-JP
1992,ja-JP
1992,es-ES
1992,de-DE
1992,fr-FR
1993,de-DE
1993,fr-FR
1993,es-ES
1993,ja-JP
1994,ja-JP
1994,de-DE
1994,fr-FR
1995,es-ES
1995,de-DE
1995,zh-CN
1995,fr-FR
1996,de-DE
1997,de-DE
1997,zh-CN
1997,fr-FR
1997,es-ES
1997,ja-JP
1998,de-DE
1998,it-IT
1999,es-ES
1999,fr-FR
1999,ja-JP
1999,ko-KR
1999,de-DE
2000,de-DE
2000,zh-CN
2000,es-ES
2000,fr-FR
2001,fr-FR
2001,ja-JP
2001,es-ES
2001,zh-CN
2001,de-DE
2002,zh-CN
2002,es-ES
2002,de-DE
2003,de-DE
2004,fr-FR
2004,de-DE
2004,ja-JP
2004,es-ES
2005,fr-FR
2005,de-DE
2005,es-ES
2005,ja-JP
2006,it-IT
2006,pl-PL
2006,de-DE
2007,fr-FR
2007,zh-CN
2007,de-DE
2008,de-DE
2008,fr-FR
2008,zh-CN
2009,zh-CN
2009,de-DE
2009,fr-FR
2010,es-ES
2010,ja-JP
2010,fr-FR
2010,de-DE
2011,nl-NL
2011,es-ES
2011,de-DE
2012,fr-FR
2012,ko-KR
2013,de-DE
2013,it-IT
2013,pl-PL
2014,fr-FR
2014,ko-KR
2015,fr-FR
2015,de-DE
2015,zh-CN
2015,es-ES
2015,ja-JP
2016,de-DE
2016,es-ES
2016,ja-JP
2016,fr-FR
2017,de-DE
2018,fr-FR
2018,zh-CN
2018,de-DE
2019,ko-KR
2019,fr-FR
2019,ja-JP
2020,de-DE
2020,es-ES
2020,fr-FR
2021,ko-KR
2022,fr-FR
2023,es-ES
2023,zh-CN
2023,ja-JP
2023,fr-FR
2023,de-DE
2024,zh-CN
2024,de-DE
2024,fr-FR
2025,fr-FR
2025,de-DE
2025,zh-CN
2026,de-DE
2026,fr-FR
2027,es-ES
2027,fr-FR
2028,zh-CN
2029,ja-JP
2029,es-ES
2029,ko-KR
2029,fr-FR
2029,de-DE
2030,ja-JP
2030,fr-FR
2030,zh-CN
2030,de-DE
2030,es-ES
2031,fr-FR
2032,de-DE
2032,zh-CN
2032,fr-FR
2033,ja-JP
2034,fr-FR
2035,zh-CN
2035,fr-FR
2035,de-DE
2036,pl-PL
2036,de-DE
2036,it-IT
2036,fr-FR
2036,nl-NL
2036,es-ES
2037,it-IT
2037,pl-PL
2037,nl-NL
2038,fr-FR
2039,de-DE
2039,nl-NL
2040,es-ES
2040,ko-KR
2040,ja-JP
2041,es-ES
2041,it-IT
2042,es-ES
2042,fr-FR
2042,de-DE
2042,ja-JP
2043,pl-PL
2043,it-IT
2043,es-ES
2044,ja-JP
2044,ko-KR
2044,fr-FR
2044,es-ES
2044,de-DE
2045,ja-JP
2045,de-DE
2046,zh-CN
2046,de-DE
2046,fr-FR
2047,de-DE
2047,zh-CN
2048,fr-FR
2048,zh-CN
2048,de-DE
2049,ja-JP
2049,es-ES
2049,de-DE
2050,de-DE
2050,es-ES
2050,ja-JP
2050,zh-CN
2050,fr-FR
2051,ja-JP
2051,de-DE
2051,es-ES
2052,zh-CN
2052,de-DE
2052,fr-FR
2052,ja-JP
2052,es-ES
2053,pl-PL
2053,it-IT
2053,es-ES
2053,fr-FR
2053,nl-NL
2053,de-DE
2054,es-ES
2054,de-DE
2054,fr-FR
2055,de-DE
2056,es-ES
2056,de-DE
2056,ja-JP
2056,fr-FR
2057,fr-FR
2058,it-IT
2058,fr-FR
2058,nl-NL
2058,de-DE
2058,pl-PL
2058,es-ES
2059,fr-FR
2059,zh-CN
2059,de-DE
2060,fr-FR
2060,nl-NL
2060,de-DE
2060,es-ES
2060,it-IT
2060,pl-PL
2061,ko-KR
2061,de-DE
2061,ja-JP
2061,es-ES
2061,fr-FR
2062,fr-FR
2062,de-DE
2062,zh-CN
2063,es-ES
2063,ja-JP
2063,de-DE
2063,fr-FR
2063,ko-KR
2064,ko-KR
2065,nl-NL
2065,it-IT
2066,es-ES
2066,it-IT
2066,fr-FR
2067,nl-NL
2067,it-IT
2067,pl-PL
2067,fr-FR
2067,es-ES
2068,ja-JP
2068,es-ES
2068,de-DE
2068,fr-FR
2069,fr-FR
2069,de-DE
2069,ja-JP
2069,es-ES
2070,es-ES
2070,ja-JP
2070,fr-FR
2070,de-DE
2071,fr-FR
2071,de-DE
2072,de-DE
2072,zh-CN
2072,fr-FR
2073,ja-JP
2073,ko-KR
2074,fr-FR
2075,fr-FR
2076,fr-FR
2076,es-ES
2076,ja-JP
2077,de-DE
2078,de-DE
2078,ja-JP
2079,es-ES
2079,de-DE
2079,ko-KR
2079,ja-JP
2080,pl-PL
2081,es-ES
2082,ja-JP
2082,fr-FR
2082,de-DE
2082,es-ES
2083,de-DE
2083,ja-JP
2084,ja-JP
2084,de-DE
2084,fr-FR
2084,es-ES
2084,zh-CN
2085,fr-FR
2085,es-ES
2085,de-DE
2086,fr-FR
2086,nl-NL
2086,de-DE
2086,pl-PL
2086,es-ES
2087,fr-FR
2087,de-DE
2087,zh-CN
2088,fr-FR
2088,de-DE
2089,zh-CN
2089,de-DE
2089,ja-JP
2089,es-ES
2089,fr-FR
2090,fr-FR
2090,de-DE
2090,zh-CN
2091,zh-CN
2091,de-DE
2091,ja-JP
2091,fr-FR
2091,es-ES
2092,de-DE
2092,fr-FR
2092,pl-PL
2092,nl-NL
2092,es-ES
2092,it-IT
2093,de-DE
2094,zh-CN
2094,fr-FR
2095,fr-FR
2095,de-DE
2095,zh-CN
2096,pl-PL
2096,fr-FR
2096,es-ES
2097,fr-FR
2097,zh-CN
2098,de-DE
2098,fr-FR
2098,zh-CN
2099,de-DE
2099,ja-JP
2099,fr-FR
2100,de-DE
2100,fr-FR
2101,fr-FR
2101,zh-CN
2101,de-DE
2102,es-ES
2102,fr-FR
2102,de-DE
2102,zh-CN
2103,de-DE
2103,fr-FR
2104,ja-JP
2104,ko-KR
2104,fr-FR
2105,es-ES
2106,de-DE
2106,zh-CN
2106,fr-FR
2107,es-ES
2107,nl-NL
2107,de-DE
2108,ko-KR
2108,ja-JP
2108,fr-FR
2108,es-ES
2108,de-DE
2109,de-DE
2110,de-DE
2110,ja-JP
2111,ja-JP
2111,fr-FR
2111,de-DE
2111,es-ES
2112,de-DE
2112,fr-FR
2112,es-ES
2113,fr-FR
2113,de-DE
2114,es-ES
2114,fr-FR
2114,pl-PL
2114,it-IT
2114,de-DE
2114,nl-NL
2115,fr-FR
2115,zh-CN
2116,fr-FR
2116,de-DE
2116,nl-NL
2116,es-ES
2116,pl-PL
2116,it-IT
2117,es-ES
2117,ja-JP
2117,ko-KR
2117,fr-FR
2117,de-DE
2118,zh-CN
2118,de-DE
2118,fr-FR
2119,fr-FR
2119,ja-JP
2119,es-ES
2119,de-DE
2120,es-ES
2120,fr-FR
2120,ja-JP
2121,de-DE
2121,fr-FR
2121,zh-CN
2122,nl-NL
2122,es-ES
2122,fr-FR
2123,nl-NL
2123,es-ES
2123,fr-FR
2124,fr-FR
2125,ja-JP
2125,es-ES
2126,de-DE
2127,de-DE
2127,zh-CN
2127,fr-FR
2127,ja-JP
2127,es-ES
2128,es-ES
2128,ko-KR
2128,fr-FR
2128,de-DE
2128,ja-JP
2129,es-ES
2129,fr-FR
2129,it-IT
2129,de-DE
2129,pl-PL
2130,fr-FR
2131,zh-CN
2131,de-DE
2132,zh-CN
2132,ja-JP
2132,de-DE
2133,es-ES
2133,ja-JP
2133,fr-FR
2133,de-DE
2134,zh-CN
2134,fr-FR
2134,de-DE
2135,de-DE
2135,fr-FR
2135,es-ES
2135,ko-KR
2135,ja-JP
2136,zh-CN
2136,de-DE
2136,fr-FR
2137,es-ES
2137,de-DE
2137,nl-NL
2137,fr-FR
2137,pl-PL
2138,es-ES
2138,ja-JP
2138,fr-FR
2139,de-DE
2139,zh-CN
2139,fr-FR
2140,es-ES
2140,ja-JP
2141,es-ES
2141,fr-FR
2141,ja-JP
2142,fr-FR
2142,ja-JP
2142,de-DE
2142,zh-CN
2143,ko-KR
2143,de-DE
2143,es-ES
2143,fr-FR
2143,ja-JP
2144,ko-KR
2144,fr-FR
2145,de-DE
2145,ja-JP
2146,es-ES
2146,de-DE
2147,de-DE
2147,es-ES
2148,es-ES
2148,de-DE
2148,ja-JP
2149,de-DE
2149,zh-CN
2149,fr-FR
2150,it-IT
2151,pl-PL
2151,it-IT
2151,es-ES
2151,fr-FR
2151,de-DE
2151,nl-NL
2152,ja-JP
2152,de-DE
2153,zh-CN
2154,ja-JP
2154,zh-CN
2154,fr-FR
2154,de-DE
2154,es-ES
2155,pl-PL
2156,de-DE
2156,ja-JP
2157,de-DE
2157,es-ES
2157,it-IT
2157,nl-NL
2158,fr-FR
2158,de-DE
2158,nl-NL
2158,es-ES
2159,de-DE
2159,ja-JP
2159,ko-KR
2159,es-ES
2160,fr-FR
2160,es-ES
2161,ja-JP
2161,fr-FR
2162,ja-JP
2163,fr-FR
2163,es-ES
2163,zh-CN
2164,fr-FR
2164,de-DE
2165,es-ES
2165,de-DE
2165,it-IT
2165,fr-FR
2165,nl-NL
2165,pl-PL
2166,zh-CN
2166,fr-FR
2167,fr-FR
2167,zh-CN
2167,de-DE
2168,it-IT
2168,fr-FR
2168,pl-PL
2168,es-ES
2168,de-DE
2168,nl-NL
2169,zh-CN
2169,de-DE
2169,ja-JP
2169,fr-FR
2170,zh-CN
2170,ja-JP
2171,pl-PL
2171,fr-FR
2171,es-ES
2171,nl-NL
2171,de-DE
2172,de-DE
2172,zh-CN
2173,fr-FR
2173,de-DE
2174,zh-CN
2174,ja-JP
2174,de-DE
2174,es-ES
2174,fr-FR
2175,fr-FR
2175,zh-CN
2175,de-DE
2176,es-ES
2176,ko-KR
2176,de-DE
2176,ja-JP
2176,fr-FR
2177,es-ES
2177,pl-PL
2177,de-DE
2177,fr-FR
2178,de-DE
2178,es-ES
2179,de-DE
2180,de-DE
2180,fr-FR
2180,es-ES
2181,de-DE
2181,es-ES
2181,ja-JP
2181,fr-FR
2181,zh-CN
2182,it-IT
2182,es-ES
2182,fr-FR
2182,de-DE
2182,pl-PL
2182,nl-NL
2183,fr-FR
2183,de-DE
2183,ja-JP
2183,ko-KR
2183,es-ES
2184,zh-CN
2184,ja-JP
2184,es-ES
2184,fr-FR
2184,de-DE
2185,fr-FR
2185,es-ES
2185,nl-NL
2185,pl-PL
2186,fr-FR
2186,ja-JP
2186,es-ES
2186,de-DE
2186,zh-CN
2187,es-ES
2187,fr-FR
2188,ja-JP
2188,fr-FR
2188,zh-CN
2188,de-DE
2188,es-ES
2189,ja-JP
2189,de-DE
2190,fr-FR
2191,ja-JP
2191,es-ES
2192,ko-KR
2192,ja-JP
2192,fr-FR
2192,de-DE
2192,es-ES
2193,ko-KR
2194,zh-CN
2194,es-ES
2194,de-DE
2194,ja-JP
2194,fr-FR
2195,ja-JP
2195,de-DE
2195,es-ES
2195,fr-FR
2196,fr-FR
2196,de-DE
2196,ja-JP
2196,es-ES
2197,zh-CN
2197,fr-FR
2197,de-DE
2197,es-ES
2197,ja-JP
2198,es-ES
2198,zh-CN
2198,de-DE
2198,ja-JP
2198,fr-FR
2199,ja-JP
2199,ko-KR
2199,de-DE
2199,fr-FR
2199,es-ES
2200,ja-JP
2200,de-DE
2200,fr-FR
2200,zh-CN
2200,es-ES
2201,de-DE
2201,fr-FR
2201,zh-CN
2202,ja-JP
2202,ko-KR
2203,fr-FR
2203,de-DE
2204,fr-FR
2204,ko-KR
2204,es-ES
2204,de-DE
2204,ja-JP
2205,es-ES
2205,ja-JP
2205,de-DE
2206,nl-NL
2206,fr-FR
2206,es-ES
2206,pl-PL
2207,fr-FR
2207,ko-KR
2208,de-DE
2209,fr-FR
2209,ja-JP
2209,de-DE
2210,es-ES
2211,nl-NL
2212,de-DE
2212,fr-FR
2212,zh-CN
2213,de-DE
2213,fr-FR
2213,ja-JP
2214,de-DE
2214,fr-FR
2214,zh-CN
2215,ja-JP
2215,es-ES
2215,fr-FR
2216,ko-KR
2216,fr-FR
2216,ja-JP
2216,de-DE
2216,es-ES
2217,zh-CN
2217,ja-JP
2218,es-ES
2218,fr-FR
2219,ja-JP
2219,es-ES
2219,fr-FR
2219,ko-KR
2219,de-DE
2220,de-DE
2220,ja-JP
2220,es-ES
2221,fr-FR
2221,de-DE
2221,es-ES
2222,es-ES
2222,nl-NL
2222,pl-PL
2222,it-IT
2222,de-DE
2222,fr-FR
2223,ja-JP
2223,de-DE
2223,fr-FR
2223,es-ES
2224,de-DE
2225,de-DE
2225,fr-FR
2226,zh-CN
2226,de-DE
2226,fr-FR
2227,ja-JP
2227,es-ES
2228,de-DE
2228,es-ES
2229,de-DE
2229,zh-CN
2229,fr-FR
2230,fr-FR
2230,nl-NL
2230,pl-PL
2230,it-IT
2231,de-DE
2231,zh-CN
2231,fr-FR
2232,fr-FR
2232,zh-CN
2232,de-DE
2233,de-DE
2234,ja-JP
2234,es-ES
2234,de-DE
2234,zh-CN
2235,nl-NL
2235,pl-PL
2235,es-ES
2235,it-IT
2236,de-DE
2237,fr-FR
2237,de-DE
2237,zh-CN
2238,fr-FR
2239,de-DE
2239,fr-FR
2239,zh-CN
2240,fr-FR
2240,ko-KR
2240,es-ES
2240,ja-JP
2241,nl-NL
2241,de-DE
2241,es-ES
2241,fr-FR
2241,it-IT
2241,pl-PL
2242,nl-NL
2243,fr-FR
2243,de-DE
2243,es-ES
2243,ja-JP
2244,de-DE
2244,fr-FR
2245,ko-KR
2245,de-DE
2245,ja-JP
2245,fr-FR
2245,es-ES
2246,fr-FR
2246,de-DE
2246,ja-JP
2247,nl-NL
2247,pl-PL
2248,ja-JP
2248,es-ES
2248,fr-FR
2248,zh-CN
2248,de-DE
2249,de-DE
2249,ja-JP
2250,fr-FR
2250,es-ES
2250,de-DE
2250,pl-PL
2250,it-IT
2250,nl-NL
2251,es-ES
2251,fr-FR
2252,es-ES
2252,ja-JP
2253,ja-JP
2253,zh-CN
2253,fr-FR
2253,es-ES
2253,de-DE
2254,de-DE
2254,fr-FR
2255,fr-FR
2256,ko-KR
2257,fr-FR
2257,it-IT
2258,ko-KR
2258,fr-FR
2259,zh-CN
2259,de-DE
2259,fr-FR
2260,de-DE
2260,fr-FR
2260,es-ES
2261,ko-KR
2261,de-DE
2262,ko-KR
2262,es-ES
2263,es-ES
2263,ja-JP
2263,fr-FR
2263,de-DE
2264,de-DE
2265,es-ES
2265,fr-FR
2266,zh-CN
2266,fr-FR
2267,es-ES
2267,fr-FR
2267,ja-JP
2267,de-DE
2268,zh-CN
2268,fr-FR
2269,fr-FR
2269,es-ES
2269,ja-JP
2270,nl-NL
2270,it-IT
2270,pl-PL
2270,de-DE
2270,fr-FR
2270,es-ES
2271,zh-CN
2271,de-DE
2271,fr-FR
2272,de-DE
2272,ja-JP
2272,es-ES
2272,fr-FR
2273,de-DE
2274,de-DE
2274,es-ES
2274,fr-FR
2274,ja-JP
2275,de-DE
2275,ja-JP
2275,fr-FR
2275,es-ES
2276,fr-FR
2277,ja-JP
2277,de-DE
2277,fr-FR
2277,ko-KR
2277,es-ES
2278,zh-CN
2278,fr-FR
2278,de-DE
2279,fr-FR
2279,de-DE
2280,fr-FR
2280,de-DE
2280,zh-CN
2281,fr-FR
2281,ja-JP
2281,es-ES
2281,de-DE
2282,es-ES
2282,de-DE
2282,fr-FR
2282,ja-JP
2283,es-ES
2283,pl-PL
2283,nl-NL
2283,de-DE
2283,fr-FR
2284,de-DE
2284,fr-FR
2285,fr-FR
2285,it-IT
2285,de-DE
2286,ja-JP
2286,fr-FR
2286,es-ES
2286,zh-CN
2287,es-ES
2287,de-DE
2288,fr-FR
2288,es-ES
2289,fr-FR
2289,es-ES
2289,ja-JP
2289,de-DE
2290,de-DE
2290,fr-FR
2290,nl-NL
2291,fr-FR
2291,zh-CN
2291,de-DE
2292,de-DE
2292,nl-NL
2292,it-IT
2292,pl-PL
2292,es-ES
2292,fr-FR
2293,it-IT
2293,de-DE
2293,fr-FR
2293,es-ES
2294,ja-JP
2294,de-DE
2294,fr-FR
2295,ja-JP
2295,fr-FR
2296,zh-CN
2296,de-DE
2296,fr-FR
2296,es-ES
2296,ja-JP
2297,es-ES
2297,nl-NL
2297,fr-FR
2297,de-DE
2297,it-IT
2297,pl-PL
2298,nl-NL
2298,de-DE
2298,es-ES
2298,it-IT
2298,fr-FR
2298,pl-PL
2299,nl-NL
2299,es-ES
2299,pl-PL
2299,de-DE
2299,it-IT
2300,fr-FR
2301,es-ES
2301,fr-FR
2301,de-DE
2301,ja-JP
2302,es-ES
2302,nl-NL
2303,fr-FR
2303,pl-PL
2303,de-DE
2303,nl-NL
2304,de-DE
2304,ja-JP
2304,es-ES
2304,fr-FR
2304,zh-CN
2305,de-DE
2305,fr-FR
2305,es-ES
2306,fr-FR
2306,zh-CN
2307,fr-FR
2308,es-ES
2308,it-IT
2308,pl-PL
2309,es-ES
2309,fr-FR
2309,de-DE
2310,es-ES
2310,nl-NL
2311,zh-CN
2311,de-DE
2312,es-ES
2312,de-DE
2312,ko-KR
2312,fr-FR
2312,ja-JP
2313,pl-PL
2313,de-DE
2313,it-IT
2314,zh-CN
2314,de-DE
2314,fr-FR
2315,ja-JP
2315,de-DE
2315,zh-CN
2315,es-ES
2315,fr-FR
2316,zh-CN
2316,de-DE
2316,ja-JP
2316,fr-FR
2316,es-ES
2317,de-DE
2317,zh-CN
2318,ja-JP
2318,fr-FR
2318,de-DE
2318,es-ES
2319,fr-FR
2319,zh-CN
2319,es-ES
2319,ja-JP
2319,de-DE
2320,de-DE
2321,es-ES
2321,nl-NL
2321,de-DE
2321,it-IT
2321,fr-FR
2322,fr-FR
2322,de-DE
2322,zh-CN
2323,de-DE
2323,fr-FR
2324,fr-FR
2324,de-DE
2324,es-ES
2324,it-IT
2324,nl-NL
2324,pl-PL
2325,ko-KR
2326,fr-FR
2326,zh-CN
2327,zh-CN
2327,fr-FR
2327,de-DE
2328,ko-KR
2328,ja-JP
2328,de-DE
2328,fr-FR
2329,es-ES
2329,de-DE
2329,zh-CN
2329,fr-FR
2330,es-ES
2330,fr-FR
2331,ko-KR
2331,de-DE
2331,ja-JP
2332,ko-KR
2332,fr-FR
2332,de-DE
2333,de-DE
2333,zh-CN
2333,fr-FR
2334,ja-JP
2334,fr-FR
2334,de-DE
2334,es-ES
2335,fr-FR
2335,ja-JP
2336,zh-CN
2336,de-DE
2336,fr-FR
2337,fr-FR
2337,de-DE
2337,zh-CN
2338,de-DE
2339,it-IT
2339,fr-FR
2339,es-ES
2339,de-DE
2340,ja-JP
2341,zh-CN
2341,de-DE
2341,fr-FR
2342,es-ES
2342,ko-KR
2343,de-DE
2343,es-ES
2344,fr-FR
2344,ja-JP
2345,fr-FR
2345,es-ES
2345,ja-JP
2345,de-DE
2346,de-DE
2347,pl-PL
2347,es-ES
2348,de-DE
2348,zh-CN
2348,fr-FR
2349,zh-CN
2349,de-DE
2350,fr-FR
2351,ja-JP
2351,fr-FR
2352,fr-FR
2352,zh-CN
2352,de-DE
2353,zh-CN
2353,fr-FR
2353,de-DE
2354,ja-JP
2354,de-DE
2354,es-ES
2354,ko-KR
2354,fr-FR
2355,de-DE
2355,zh-CN
2356,fr-FR
2356,de-DE
2356,zh-CN
2357,de-DE
2358,de-DE
2358,fr-FR
2358,zh-CN
2359,fr-FR
2359,es-ES
2359,zh-CN
2360,fr-FR
2360,de-DE
2360,es-ES
2360,zh-CN
2360,ja-JP
2361,es-ES
2362,es-ES
2362,fr-FR
2362,de-DE
2362,ja-JP
2363,de-DE
2363,it-IT
2363,es-ES
2364,pl-PL
2364,es-ES
2364,fr-FR
2365,de-DE
2365,it-IT
2365,es-ES
2366,it-IT
2366,de-DE
2366,es-ES
2366,pl-PL
2366,nl-NL
2366,fr-FR
2367,es-ES
2367,de-DE
2368,es-ES
2368,it-IT
2368,fr-FR
2368,nl-NL
2368,pl-PL
2369,zh-CN
2370,fr-FR
2370,de-DE
2370,ja-JP
2370,es-ES
2371,de-DE
2371,fr-FR
2371,it-IT
2371,es-ES
2372,fr-FR
2372,de-DE
2372,ja-JP
2373,pl-PL
2373,de-DE
2374,de-DE
2374,es-ES
2374,fr-FR
2375,pl-PL
2375,de-DE
2375,nl-NL
2375,it-IT
2375,fr-FR
2376,ko-KR
2377,de-DE
2377,zh-CN
2377,fr-FR
2378,de-DE
2378,fr-FR
2378,zh-CN
2379,es-ES
2379,fr-FR
2380,es-ES
2380,ja-JP
2380,de-DE
2380,fr-FR
2381,ja-JP
2381,es-ES
2381,de-DE
2382,ko-KR
2382,fr-FR
2382,ja-JP
2382,de-DE
2382,es-ES
2383,zh-CN
2383,fr-FR
2383,de-DE
2384,es-ES
2384,fr-FR
2385,ja-JP
2385,fr-FR
2386,ja-JP
2386,fr-FR
2386,es-ES
2386,de-DE
2387,es-ES
2387,fr-FR
2388,fr-FR
2388,zh-CN
2388,de-DE
2389,fr-FR
2389,zh-CN
2390,nl-NL
2390,de-DE
2390,es-ES
2390,fr-FR
2391,de-DE
2392,de-DE
2393,ja-JP
2393,es-ES
2394,de-DE
2394,fr-FR
2394,it-IT
2394,pl-PL
2394,nl-NL
2394,es-ES
2395,de-DE
2395,es-ES
2395,fr-FR
2395,ja-JP
2396,de-DE
2397,ja-JP
2397,es-ES
2397,de-DE
2397,fr-FR
2398,ja-JP
2398,fr-FR
2398,es-ES
2398,de-DE
2398,ko-KR
2399,es-ES
2399,ja-JP
2399,de-DE
2400,nl-NL
2400,de-DE
2400,es-ES
2400,fr-FR
2400,it-IT
2400,pl-PL
2401,fr-FR
2401,it-IT
2401,de-DE
2401,pl-PL
2401,nl-NL
2401,es-ES
2402,fr-FR
2403,fr-FR
2403,de-DE
2403,zh-CN
2404,de-DE
2404,es-ES
2404,zh-CN
2404,ja-JP
2404,fr-FR
2405,nl-NL
2405,es-ES
2405,fr-FR
2405,pl-PL
2405,de-DE
2405,it-IT
2406,fr-FR
2406,de-DE
2406,zh-CN
2407,zh-CN
2407,fr-FR
2407,ja-JP
2407,es-ES
2408,fr-FR
2408,zh-CN
2409,es-ES
2410,ko-KR
2410,fr-FR
2410,es-ES
2410,ja-JP
2410,de-DE
2411,de-DE
2411,es-ES
2411,ja-JP
2411,fr-FR
2411,zh-CN
2412,pl-PL
2412,fr-FR
2412,es-ES
2412,nl-NL
2412,de-DE
2412,it-IT
2413,it-IT
2413,fr-FR
2414,de-DE
2414,es-ES
2414,fr-FR
2414,ko-KR
2414,ja-JP
2415,nl-NL
2415,de-DE
2415,es-ES
2415,pl-PL
2415,it-IT
2416,de-DE
2416,nl-NL
2416,pl-PL
2416,es-ES
2416,fr-FR
2416,it-IT
2417,de-DE
2417,fr-FR
2417,zh-CN
2418,ja-JP
2418,fr-FR
2418,es-ES
2418,zh-CN
2418,de-DE
2419,ko-KR
2419,de-DE
2419,es-ES
2419,ja-JP
2419,fr-FR
2420,de-DE
2421,es-ES
2422,de-DE
2422,fr-FR
2422,ko-KR
2423,ko-KR
2423,es-ES
2423,ja-JP
2423,de-DE
2423,fr-FR
2424,fr-FR
2424,de-DE
2424,zh-CN
2425,fr-FR
2425,de-DE
2425,es-ES
2425,ja-JP
2426,es-ES
2426,fr-FR
2426,de-DE
2426,ja-JP
2426,zh-CN
2427,ja-JP
2427,fr-FR
2427,es-ES
2427,de-DE
2428,zh-CN
2428,de-DE
2428,fr-FR
2429,it-IT
2430,ja-JP
2430,fr-FR
2431,fr-FR
2431,de-DE
2431,zh-CN
2432,es-ES
2433,ja-JP
2433,ko-KR
2433,fr-FR
2433,es-ES
2433,de-DE
2434,de-DE
2434,ko-KR
2434,es-ES
2434,ja-JP
2434,fr-FR
2435,fr-FR
2436,zh-CN
2436,es-ES
2436,fr-FR
2436,ja-JP
2436,de-DE
2437,de-DE
2437,ja-JP
2437,es-ES
2438,es-ES
2438,nl-NL
2438,fr-FR
2438,de-DE
2439,pl-PL
2439,de-DE
2439,nl-NL
2439,it-IT
2439,fr-FR
2439,es-ES
2440,ja-JP
2440,fr-FR
2440,de-DE
2440,es-ES
2441,it-IT
2441,nl-NL
2441,es-ES
2441,de-DE
2442,es-ES
2443,nl-NL
2443,fr-FR
2444,de-DE
2444,zh-CN
2444,fr-FR
2445,es-ES
2445,de-DE
2445,fr-FR
2445,ja-JP
2446,es-ES
2447,ja-JP
2447,de-DE
2447,fr-FR
2447,es-ES
2448,fr-FR
2448,zh-CN
2448,de-DE
2449,es-ES
2449,de-DE
2449,fr-FR
2449,ko-KR
2449,ja-JP
2450,fr-FR
2450,es-ES
2450,ja-JP
2450,de-DE
2451,de-DE
2451,zh-CN
2451,fr-FR
2452,fr-FR
2453,fr-FR
2453,ja-JP
2453,es-ES
2453,de-DE
2454,ja-JP
2455,it-IT
2456,ja-JP
2456,zh-CN
2457,de-DE
2457,zh-CN
2457,fr-FR
2458,fr-FR
2458,ja-JP
2458,es-ES
2458,de-DE
2459,fr-FR
2459,zh-CN
2460,fr-FR
2460,es-ES
2460,it-IT
2461,fr-FR
2462,de-DE
2462,zh-CN
2462,fr-FR
2463,it-IT
2463,es-ES
2463,pl-PL
2463,nl-NL
2464,es-ES
2464,ja-JP
2465,ja-JP
2465,es-ES
2466,fr-FR
2466,it-IT
2466,es-ES
2467,fr-FR
2468,de-DE
2468,ja-JP
2468,es-ES
2468,fr-FR
2469,zh-CN
2469,fr-FR
2470,fr-FR
2470,zh-CN
2470,de-DE
2471,ja-JP
2471,ko-KR
2471,de-DE
2471,es-ES
2471,fr-FR
2472,pl-PL
2472,es-ES
2472,nl-NL
2473,es-ES
2473,fr-FR
2474,fr-FR
2474,de-DE
2474,ja-JP
2474,zh-CN
2474,es-ES
2475,nl-NL
2475,es-ES
2475,fr-FR
2475,it-IT
2476,ja-JP
2476,fr-FR
2476,zh-CN
2476,de-DE
2477,fr-FR
2477,nl-NL
2478,fr-FR
2478,ja-JP
2479,es-ES
2479,fr-FR
2479,nl-NL
2480,it-IT
2480,es-ES
2480,de-DE
2480,nl-NL
2481,ko-KR
2481,fr-FR
2482,ko-KR
2483,fr-FR
2483,ja-JP
2483,ko-KR
2484,pl-PL
2484,it-IT
2484,de-DE
2484,es-ES
2484,fr-FR
2484,nl-NL
2485,es-ES
2485,ja-JP
2485,de-DE
2485,fr-FR
2486,fr-FR
2486,zh-CN
2487,fr-FR
2487,ja-JP
2487,de-DE
2487,es-ES
2487,ko-KR
2488,ja-JP
2488,es-ES
2489,zh-CN
2489,de-DE
2489,fr-FR
2490,de-DE
2490,ja-JP
2490,es-ES
2491,nl-NL
2491,es-ES
2491,pl-PL
2492,fr-FR
2493,fr-FR
2493,es-ES
2494,fr-FR
2495,de-DE
2495,zh-CN
2495,fr-FR
2496,ko-KR
2496,fr-FR
2496,ja-JP
2496,de-DE
2496,es-ES
2497,de-DE
2497,ja-JP
2497,es-ES
2497,fr-FR
2498,fr-FR
2498,de-DE
2498,zh-CN
2499,de-DE
2499,fr-FR
2499,zh-CN
2500,es-ES
2500,ja-JP
2500,fr-FR
2500,de-DE
